threshold_dbfs,file,sample_rate,channels,audio_duration_sec,event_index,event_start_sec,event_end_sec,event_duration_sec,active_start_sec,active_end_sec,rms_max_dbfs,rms_mean_dbfs
-35.0,Allobates_cepedai/Allobates_cepedai__IAvH-CSA-15981__2014-05-13__cf0f2093d1.wav,44100,1,222.359,1,0.0,48.371,48.371,0.0,43.371,-15.62,-18.13
-35.0,Allobates_cepedai/Allobates_cepedai__IAvH-CSA-15981__2014-05-13__cf0f2093d1.wav,44100,1,222.359,2,63.744,123.744,60.0,66.744,123.744,-16.12,-28.24
-35.0,Allobates_cepedai/Allobates_cepedai__IAvH-CSA-15981__2014-05-13__cf0f2093d1.wav,44100,1,222.359,3,123.744,183.744,60.0,123.744,183.744,-16.12,-28.24
-35.0,Allobates_cepedai/Allobates_cepedai__IAvH-CSA-15981__2014-05-13__cf0f2093d1.wav,44100,1,222.359,4,183.744,222.359,38.615,183.744,219.23,-16.12,-28.24
-35.0,Allobates_niputidea/Allobates_niputidea__IAvH-CSA-18218__2018-07-13__8fea905c13.wav,48000,1,292.449,1,0.0,24.75,24.75,0.0,19.75,-22.91,-28.98
-35.0,Allobates_niputidea/Allobates_niputidea__IAvH-CSA-18218__2018-07-13__8fea905c13.wav,48000,1,292.449,2,103.5,134.25,30.75,106.5,129.25,-23.07,-26.55
-35.0,Allobates_niputidea/Allobates_niputidea__IAvH-CSA-18218__2018-07-13__8fea905c13.wav,48000,1,292.449,3,158.625,170.25,11.625,161.625,165.25,-24.98,-28.08
-35.0,Allobates_niputidea/Allobates_niputidea__IAvH-CSA-18218__2018-07-13__8fea905c13.wav,48000,1,292.449,4,179.25,187.875,8.625,182.25,182.875,-31.78,-32.76
-35.0,Allobates_niputidea/Allobates_niputidea__IAvH-CSA-18218__2018-07-13__8fea905c13.wav,48000,1,292.449,5,218.375,235.625,17.25,221.375,230.625,-24.85,-28.17
-35.0,Allobates_niputidea/Allobates_niputidea__IAvH-CSA-18218__2018-07-13__8fea905c13.wav,48000,1,292.449,6,236.375,244.875,8.5,239.375,239.875,-28.86,-30.8
-35.0,Allobates_niputidea/Allobates_niputidea__IAvH-CSA-18218__2018-07-13__8fea905c13.wav,48000,1,292.449,7,271.5,292.125,20.625,274.5,287.125,-25.96,-29.08
-35.0,Allobates_niputidea/Allobates_niputidea__IAvH-CSA-18222__2018-07-13__df646a755f.wav,48000,1,100.388,1,0.0,32.75,32.75,0.0,27.75,-18.3,-21.31
-35.0,Allobates_niputidea/Allobates_niputidea__IAvH-CSA-18222__2018-07-13__df646a755f.wav,48000,1,100.388,2,76.25,99.625,23.375,79.25,94.625,-17.66,-26.69
-35.0,Amphibia/Amphibia__IAvH-CSA-14879____b36b160462.wav,44100,2,141.464,1,0.0,7.75,7.75,0.0,2.75,-23.44,-28.15
-35.0,Andinobates_daleswansoni/Andinobates_daleswansoni__IAvH-CSA-03597__2017-08-06__8d863f05ee.wav,44100,1,66.337,1,11.374,28.498,17.124,14.374,23.498,-25.5,-31.06
-35.0,Andinobates_daleswansoni/Andinobates_daleswansoni__IAvH-CSA-03597__2017-08-06__8d863f05ee.wav,44100,1,66.337,2,59.494,66.337,6.843,62.494,66.244,-19.85,-25.29
-35.0,Andinobates_daleswansoni/Andinobates_daleswansoni__IAvH-CSA-18534__2017-08-06__6ae3645d76.wav,44100,1,103.164,1,0.0,15.124,15.124,1.875,10.124,-20.46,-27.91
-35.0,Andinobates_daleswansoni/Andinobates_daleswansoni__IAvH-CSA-18534__2017-08-06__6ae3645d76.wav,44100,1,103.164,2,45.996,54.621,8.625,48.996,49.621,-32.26,-33.42
-35.0,Andinobates_daleswansoni/Andinobates_daleswansoni__IAvH-CSA-18534__2017-08-06__6ae3645d76.wav,44100,1,103.164,3,82.242,91.242,9.0,85.242,86.242,-34.0,-34.33
-35.0,Andinobates_daleswansoni/Andinobates_daleswansoni__IAvH-CSA-18534__2017-08-06__6ae3645d76.wav,44100,1,103.164,4,95.116,103.164,8.048,98.116,99.741,-28.82,-31.89
-35.0,Andinobates_daleswansoni/Andinobates_daleswansoni__IAvH-CSA-18535__2017-08-06__44c5549d78.wav,44100,1,103.775,1,0.0,11.124,11.124,1.875,6.124,-20.93,-24.95
-35.0,Andinobates_daleswansoni/Andinobates_daleswansoni__IAvH-CSA-18535__2017-08-06__44c5549d78.wav,44100,1,103.775,2,28.247,37.622,9.375,31.247,32.622,-33.78,-34.36
-35.0,Andinobates_daleswansoni/Andinobates_daleswansoni__IAvH-CSA-18535__2017-08-06__44c5549d78.wav,44100,1,103.775,3,39.121,48.371,9.25,42.121,43.371,-33.26,-34.26
-35.0,Andinobates_daleswansoni/Andinobates_daleswansoni__IAvH-CSA-18536__2017-09-13__debbd04657.wav,44100,1,210.833,1,0.0,11.249,11.249,1.875,6.249,-20.93,-25.33
-35.0,Andinobates_daleswansoni/Andinobates_daleswansoni__IAvH-CSA-18536__2017-09-13__debbd04657.wav,44100,1,210.833,2,41.246,51.496,10.25,44.246,46.496,-29.94,-31.08
-35.0,Andinobates_daleswansoni/Andinobates_daleswansoni__IAvH-CSA-18536__2017-09-13__debbd04657.wav,44100,1,210.833,3,84.992,95.367,10.375,87.992,90.367,-26.42,-28.62
-35.0,Andinobates_daleswansoni/Andinobates_daleswansoni__IAvH-CSA-18536__2017-09-13__debbd04657.wav,44100,1,210.833,4,106.615,117.115,10.5,109.615,112.115,-26.42,-28.4
-35.0,Andinobates_daleswansoni/Andinobates_daleswansoni__IAvH-CSA-18536__2017-09-13__debbd04657.wav,44100,1,210.833,5,125.613,136.238,10.625,128.613,131.238,-26.84,-28.83
-35.0,Andinobates_daleswansoni/Andinobates_daleswansoni__IAvH-CSA-18536__2017-09-13__debbd04657.wav,44100,1,210.833,6,154.861,165.11,10.25,157.861,160.11,-28.8,-30.26
-35.0,Andinobates_daleswansoni/Andinobates_daleswansoni__IAvH-CSA-18536__2017-09-13__debbd04657.wav,44100,1,210.833,7,166.36,176.859,10.5,169.36,171.859,-27.4,-29.43
-35.0,Andinobates_daleswansoni/Andinobates_daleswansoni__IAvH-CSA-18536__2017-09-13__debbd04657.wav,44100,1,210.833,8,184.358,194.983,10.625,187.358,189.983,-23.68,-25.49
-35.0,Andinobates_daleswansoni/Andinobates_daleswansoni__IAvH-CSA-18536__2017-09-13__debbd04657.wav,44100,1,210.833,9,203.481,210.833,7.352,206.481,209.106,-23.65,-26.26
-35.0,Andinobates_daleswansoni/Andinobates_daleswansoni__IAvH-CSA-18537__2017-09-13__161164b5c4.wav,44100,1,198.214,1,0.0,10.999,10.999,1.875,5.999,-20.93,-24.97
-35.0,Andinobates_daleswansoni/Andinobates_daleswansoni__IAvH-CSA-18537__2017-09-13__161164b5c4.wav,44100,1,198.214,2,57.994,67.119,9.125,60.994,62.119,-27.76,-29.25
-35.0,Andinobates_daleswansoni/Andinobates_daleswansoni__IAvH-CSA-18537__2017-09-13__161164b5c4.wav,44100,1,198.214,3,69.993,78.618,8.625,72.993,73.618,-29.7,-32.14
-35.0,Andinobates_daleswansoni/Andinobates_daleswansoni__IAvH-CSA-18537__2017-09-13__161164b5c4.wav,44100,1,198.214,4,103.74,112.49,8.75,106.74,107.49,-33.56,-34.17
-35.0,Andinobates_daleswansoni/Andinobates_daleswansoni__IAvH-CSA-18537__2017-09-13__161164b5c4.wav,44100,1,198.214,5,121.114,148.862,27.748,124.114,143.862,-28.71,-32.7
-35.0,Andinobates_daleswansoni/Andinobates_daleswansoni__IAvH-CSA-18537__2017-09-13__161164b5c4.wav,44100,1,198.214,6,163.36,173.36,10.0,166.36,168.36,-32.5,-33.27
-35.0,Andinobates_daleswansoni/Andinobates_daleswansoni__IAvH-CSA-18537__2017-09-13__161164b5c4.wav,44100,1,198.214,7,175.984,186.734,10.75,178.984,181.734,-33.05,-33.78
-35.0,Andinobates_daleswansoni/Andinobates_daleswansoni__IAvH-CSA-18537__2017-09-13__161164b5c4.wav,44100,1,198.214,8,187.358,196.233,8.875,190.358,191.233,-34.55,-34.68
-35.0,Andinobates_daleswansoni/Andinobates_daleswansoni__IAvH-CSA-18538__2017-09-13__ea817d6aa3.wav,44100,1,107.874,1,0.0,35.247,35.247,1.875,30.247,-20.93,-30.56
-35.0,Andinobates_daleswansoni/Andinobates_daleswansoni__IAvH-CSA-18538__2017-09-13__ea817d6aa3.wav,44100,1,107.874,2,35.746,81.743,45.997,38.746,76.743,-25.38,-28.24
-35.0,Andinobates_daleswansoni/Andinobates_daleswansoni__IAvH-CSA-18538__2017-09-13__ea817d6aa3.wav,44100,1,107.874,3,83.492,107.874,24.382,86.492,106.74,-25.7,-28.07
-35.0,Andinobates_daleswansoni/Andinobates_daleswansoni__IAvH-CSA-18539__2017-09-16__286bd51ef7.wav,44100,1,84.132,1,0.0,60.0,60.0,1.875,60.0,-20.67,-23.42
-35.0,Andinobates_daleswansoni/Andinobates_daleswansoni__IAvH-CSA-18539__2017-09-16__286bd51ef7.wav,44100,1,84.132,2,60.0,84.132,24.132,60.0,82.992,-20.67,-23.42
-35.0,Andinobates_daleswansoni/Andinobates_daleswansoni__IAvH-CSA-18540__2017-09-18__e54d014911.wav,44100,1,178.089,1,0.0,10.874,10.874,1.875,5.874,-20.42,-24.66
-35.0,Andinobates_daleswansoni/Andinobates_daleswansoni__IAvH-CSA-18540__2017-09-18__e54d014911.wav,44100,1,178.089,2,43.121,77.993,34.873,46.121,72.993,-18.67,-32.11
-35.0,Andinobates_daleswansoni/Andinobates_daleswansoni__IAvH-CSA-18540__2017-09-18__e54d014911.wav,44100,1,178.089,3,80.367,105.491,25.123,83.367,100.491,-28.15,-32.99
-35.0,Andinobates_daleswansoni/Andinobates_daleswansoni__IAvH-CSA-18540__2017-09-18__e54d014911.wav,44100,1,178.089,4,113.614,137.113,23.499,116.614,132.113,-19.43,-30.46
-35.0,Andinobates_daleswansoni/Andinobates_daleswansoni__IAvH-CSA-18540__2017-09-18__e54d014911.wav,44100,1,178.089,5,141.487,165.86,24.374,144.487,160.86,-21.95,-29.33
-35.0,Andinobates_daleswansoni/Andinobates_daleswansoni__IAvH-CSA-18540__2017-09-18__e54d014911.wav,44100,1,178.089,6,170.234,178.089,7.854,173.234,175.984,-23.55,-25.9
-35.0,Andinobates_daleswansoni/Andinobates_daleswansoni__IAvH-CSA-18541__2017-09-19__ee5a77bdce.wav,44100,1,27.516,1,0.0,27.516,27.516,1.875,24.123,-20.42,-26.85
-35.0,Andinobates_daleswansoni/Andinobates_daleswansoni__IAvH-CSA-18542__2017-09-19__89e6055611.wav,44100,1,117.064,1,0.0,10.999,10.999,1.875,5.999,-20.42,-25.19
-35.0,Andinobates_daleswansoni/Andinobates_daleswansoni__IAvH-CSA-18542__2017-09-19__89e6055611.wav,44100,1,117.064,2,36.371,46.621,10.25,39.371,41.621,-31.15,-32.19
-35.0,Andinobates_daleswansoni/Andinobates_daleswansoni__IAvH-CSA-18542__2017-09-19__89e6055611.wav,44100,1,117.064,3,51.12,61.495,10.375,54.12,56.495,-26.45,-31.13
-35.0,Andinobates_daleswansoni/Andinobates_daleswansoni__IAvH-CSA-18542__2017-09-19__89e6055611.wav,44100,1,117.064,4,63.244,82.368,19.124,66.244,77.368,-30.86,-33.28
-35.0,Andinobates_daleswansoni/Andinobates_daleswansoni__IAvH-CSA-18542__2017-09-19__89e6055611.wav,44100,1,117.064,5,83.117,93.617,10.5,86.117,88.617,-30.52,-32.18
-35.0,Andinobates_daleswansoni/Andinobates_daleswansoni__IAvH-CSA-18542__2017-09-19__89e6055611.wav,44100,1,117.064,6,94.991,105.741,10.75,97.991,100.741,-30.1,-31.89
-35.0,Andinobates_daleswansoni/Andinobates_daleswansoni__IAvH-CSA-18542__2017-09-19__89e6055611.wav,44100,1,117.064,7,106.115,116.49,10.375,109.115,111.49,-30.18,-31.74
-35.0,Andinobates_daleswansoni/Andinobates_daleswansoni__IAvH-CSA-18543__2017-09-19__b3d6c050b8.wav,44100,1,136.43,1,0.0,10.999,10.999,1.875,5.999,-20.42,-24.68
-35.0,Andinobates_daleswansoni/Andinobates_daleswansoni__IAvH-CSA-18543__2017-09-19__b3d6c050b8.wav,44100,1,136.43,2,91.741,100.991,9.25,94.741,95.991,-33.26,-33.57
-35.0,Anura/Anura__IAvH-CSA-00584__1999-09-26__5ef3022e04.wav,44100,1,230.922,1,6.124,66.124,60.0,9.124,66.124,-17.92,-25.92
-35.0,Anura/Anura__IAvH-CSA-00584__1999-09-26__5ef3022e04.wav,44100,1,230.922,2,66.124,126.124,60.0,66.124,126.124,-17.92,-25.92
-35.0,Anura/Anura__IAvH-CSA-00584__1999-09-26__5ef3022e04.wav,44100,1,230.922,3,126.124,186.124,60.0,126.124,186.124,-17.92,-25.92
-35.0,Anura/Anura__IAvH-CSA-00584__1999-09-26__5ef3022e04.wav,44100,1,230.922,4,186.124,230.922,44.798,186.124,230.854,-17.92,-25.92
-35.0,Anura/Anura__IAvH-CSA-11075__2000-01-14__20585d4b3e.wav,44100,2,339.106,1,0.0,7.25,7.25,0.25,2.25,-28.87,-31.93
-35.0,Anura/Anura__IAvH-CSA-11075__2000-01-14__20585d4b3e.wav,44100,2,339.106,2,51.37,64.62,13.25,54.37,59.62,-16.59,-24.05
-35.0,Anura/Anura__IAvH-CSA-11075__2000-01-14__20585d4b3e.wav,44100,2,339.106,3,75.743,91.117,15.374,78.743,86.117,-25.86,-31.31
-35.0,Anura/Anura__IAvH-CSA-11075__2000-01-14__20585d4b3e.wav,44100,2,339.106,4,107.49,116.115,8.625,110.49,111.115,-27.17,-28.89
-35.0,Anura/Anura__IAvH-CSA-11075__2000-01-14__20585d4b3e.wav,44100,2,339.106,5,179.733,207.107,27.373,182.733,202.107,-21.3,-28.92
-35.0,Anura/Anura__IAvH-CSA-11075__2000-01-14__20585d4b3e.wav,44100,2,339.106,6,207.981,221.23,13.25,210.981,216.23,-23.58,-31.2
-35.0,Anura/Anura__IAvH-CSA-11075__2000-01-14__20585d4b3e.wav,44100,2,339.106,7,249.352,263.352,13.999,252.352,258.352,-24.85,-30.01
-35.0,Anura/Anura__IAvH-CSA-11075__2000-01-14__20585d4b3e.wav,44100,2,339.106,8,280.099,339.106,59.007,283.099,336.22,-14.12,-21.3
-35.0,Anura/Anura__IAvH-CSA-14963__2018-10-17__1b316eabe0.wav,96000,1,41.131,1,0.0,41.131,41.131,0.125,41.125,-18.06,-27.65
-35.0,Anura/Anura__IAvH-CSA-18685__2018-11-05__6382842737.wav,44100,1,960.946,1,0.0,10.25,10.25,1.0,5.25,-20.74,-25.29
-35.0,Anura/Anura__IAvH-CSA-18685__2018-11-05__6382842737.wav,44100,1,960.946,2,347.093,355.718,8.625,350.093,350.718,-33.54,-33.81
-35.0,Anura/Anura__IAvH-CSA-18685__2018-11-05__6382842737.wav,44100,1,960.946,3,483.831,492.456,8.625,486.831,487.456,-33.13,-33.9
-35.0,Anura/Anura__IAvH-CSA-18685__2018-11-05__6382842737.wav,44100,1,960.946,4,667.439,676.064,8.625,670.439,671.064,-33.95,-34.12
-35.0,Anura/Anura__IAvH-CSA-18685__2018-11-05__6382842737.wav,44100,1,960.946,5,849.548,858.173,8.625,852.548,853.173,-30.75,-32.37
-35.0,Anura/Anura__IAvH-CSA-20100__2018-09-15__b808728e3d.wav,44100,1,365.306,1,0.0,60.0,60.0,0.0,60.0,-15.96,-25.5
-35.0,Anura/Anura__IAvH-CSA-20100__2018-09-15__b808728e3d.wav,44100,1,365.306,2,60.0,120.0,60.0,60.0,120.0,-15.96,-25.5
-35.0,Anura/Anura__IAvH-CSA-20100__2018-09-15__b808728e3d.wav,44100,1,365.306,3,120.0,180.0,60.0,120.0,180.0,-15.96,-25.5
-35.0,Anura/Anura__IAvH-CSA-20100__2018-09-15__b808728e3d.wav,44100,1,365.306,4,180.0,240.0,60.0,180.0,240.0,-15.96,-25.5
-35.0,Anura/Anura__IAvH-CSA-20100__2018-09-15__b808728e3d.wav,44100,1,365.306,5,240.0,300.0,60.0,240.0,300.0,-15.96,-25.5
-35.0,Anura/Anura__IAvH-CSA-20100__2018-09-15__b808728e3d.wav,44100,1,365.306,6,300.0,360.0,60.0,300.0,360.0,-15.96,-25.5
-35.0,Anura/Anura__IAvH-CSA-20100__2018-09-15__b808728e3d.wav,44100,1,365.306,7,360.0,365.306,5.306,360.0,364.467,-15.96,-25.5
-35.0,Anura/Anura__IAvH-CSA-20101__2018-09-18__7fc682eee7.wav,44100,1,43.298,1,0.0,43.298,43.298,0.0,42.496,-10.97,-23.87
-35.0,Anura/Anura__IAvH-CSA-20102__2018-09-18__def61d4a5a.wav,44100,1,84.674,1,0.0,60.0,60.0,0.0,60.0,-10.15,-24.11
-35.0,Anura/Anura__IAvH-CSA-20102__2018-09-18__def61d4a5a.wav,44100,1,84.674,2,60.0,84.674,24.674,60.0,83.867,-10.15,-24.11
-35.0,Anura/Anura__IAvH-CSA-20104__2018-09-18__0b2eb88bca.wav,44100,1,79.374,1,0.0,60.0,60.0,0.0,60.0,-20.06,-32.77
-35.0,Anura/Anura__IAvH-CSA-20104__2018-09-18__0b2eb88bca.wav,44100,1,79.374,2,60.0,79.374,19.374,60.0,78.243,-20.06,-32.77
-35.0,Anura/Anura__IAvH-CSA-20105__2018-09-18__fbf90a04d9.wav,44100,1,52.466,1,0.0,35.997,35.997,0.0,30.997,-20.68,-32.76
-35.0,Anura/Anura__IAvH-CSA-20105__2018-09-18__fbf90a04d9.wav,44100,1,52.466,2,36.996,52.466,15.47,39.996,49.496,-29.0,-31.27
-35.0,Anura/Anura__IAvH-CSA-20106__2018-09-18__191869cfc0.wav,44100,1,46.063,1,0.0,46.063,46.063,0.0,45.246,-12.11,-25.35
-35.0,Anura/Anura__IAvH-CSA-20107__2018-09-18__454766a3a4.wav,44100,1,46.436,1,0.0,42.872,42.872,0.0,37.872,-19.49,-28.27
-35.0,Anura/Anura__IAvH-CSA-20302__2022-07-28__f543d5605f.wav,48000,1,135.915,1,0.0,60.0,60.0,0.875,60.0,-17.33,-24.19
-35.0,Anura/Anura__IAvH-CSA-20302__2022-07-28__f543d5605f.wav,48000,1,135.915,2,60.0,120.0,60.0,60.0,120.0,-17.33,-24.19
-35.0,Anura/Anura__IAvH-CSA-20302__2022-07-28__f543d5605f.wav,48000,1,135.915,3,120.0,135.915,15.915,120.0,135.875,-17.33,-24.19
-35.0,Anura/Anura__IAvH-CSA-34377__2017-03-07__2ff3753b5b.wav,44100,1,85.686,1,0.0,60.0,60.0,1.625,60.0,-11.86,-24.33
-35.0,Anura/Anura__IAvH-CSA-34377__2017-03-07__2ff3753b5b.wav,44100,1,85.686,2,60.0,85.686,25.686,60.0,85.617,-11.86,-24.33
-35.0,Anura/Anura__IAvH-CSA-34379__2017-03-08__939acb1050.wav,44100,1,61.006,1,0.0,60.0,60.0,0.875,60.0,-11.83,-24.65
-35.0,Anura/Anura__IAvH-CSA-34379__2017-03-08__939acb1050.wav,44100,1,61.006,2,60.0,61.006,1.006,60.0,60.994,-11.83,-24.65
-35.0,Atelopus_ardila/Atelopus_ardila__IAvH-CSA-15997____c09b25bc39.wav,44100,1,101.132,1,0.0,16.999,16.999,2.5,11.999,-26.04,-30.79
-35.0,Atelopus_ardila/Atelopus_ardila__IAvH-CSA-15997____c09b25bc39.wav,44100,1,101.132,2,19.623,79.623,60.0,22.623,79.623,-16.18,-26.93
-35.0,Atelopus_ardila/Atelopus_ardila__IAvH-CSA-15997____c09b25bc39.wav,44100,1,101.132,3,79.623,101.132,21.509,79.623,98.866,-16.18,-26.93
-35.0,Atelopus_laetissimus/Atelopus_laetissimus__IAvH-CSA-34148__2018-06-30__6da0e1e593.wav,44100,1,49.393,1,0.0,49.393,49.393,1.0,48.371,-15.58,-27.71
-35.0,Atelopus_laetissimus/Atelopus_laetissimus__IAvH-CSA-34149__2018-06-30__8e2e8bc752.wav,44100,1,61.795,1,0.0,60.0,60.0,1.0,56.995,-7.45,-26.66
-35.0,Atelopus_laetissimus/Atelopus_laetissimus__IAvH-CSA-34149__2018-06-30__8e2e8bc752.wav,44100,1,61.795,2,60.0,61.795,1.795,60.0,56.995,-7.45,-26.66
-35.0,Atelopus_laetissimus/Atelopus_laetissimus__IAvH-CSA-34150__2018-06-30__5a2573e0d3.wav,44100,1,58.922,1,0.0,58.922,58.922,1.0,57.995,-11.84,-25.49
-35.0,Atelopus_laetissimus/Atelopus_laetissimus__IAvH-CSA-34151__2018-06-30__68180d499b.wav,44100,1,53.641,1,0.0,53.641,53.641,1.0,52.62,-5.97,-20.04
-35.0,Atelopus_laetissimus/Atelopus_laetissimus__IAvH-CSA-34152__2018-06-30__6c370aca43.wav,44100,1,54.173,1,0.0,54.173,54.173,1.0,52.995,-8.09,-22.21
-35.0,Atelopus_laetissimus/Atelopus_laetissimus__IAvH-CSA-34153__2018-06-30__77bc344a70.wav,44100,1,41.159,1,0.0,40.747,40.747,1.0,35.747,-13.96,-31.23
-35.0,Atelopus_laetissimus/Atelopus_laetissimus__IAvH-CSA-34154__2018-06-30__9ed264bcab.wav,44100,1,34.338,1,0.0,34.338,34.338,1.0,33.122,-15.04,-27.18
-35.0,Atelopus_laetissimus/Atelopus_laetissimus__IAvH-CSA-34155__2018-06-30__8f97ed0e72.wav,44100,1,38.375,1,0.0,38.375,38.375,1.0,37.497,-11.02,-25.27
-35.0,Atelopus_laetissimus/Atelopus_laetissimus__IAvH-CSA-34156__2018-06-30__d7dd3da275.wav,44100,1,26.904,1,0.0,26.904,26.904,1.0,23.123,-10.65,-29.01
-35.0,Atelopus_laetissimus/Atelopus_laetissimus__IAvH-CSA-34157__2018-06-30__bdd33d2ef2.wav,44100,1,34.654,1,0.0,34.654,34.654,1.0,33.497,-10.29,-26.56
-35.0,Atelopus_laetissimus/Atelopus_laetissimus__IAvH-CSA-34158__2018-06-30__d040ab560d.wav,44100,1,51.122,1,0.0,51.122,51.122,1.0,47.496,-12.61,-27.71
-35.0,Atelopus_laetissimus/Atelopus_laetissimus__IAvH-CSA-34159__2018-06-30__eff85f870c.wav,44100,1,47.141,1,0.0,17.624,17.624,1.0,12.624,-16.34,-23.66
-35.0,Atelopus_laetissimus/Atelopus_laetissimus__IAvH-CSA-34159__2018-06-30__eff85f870c.wav,44100,1,47.141,2,24.498,40.622,16.124,27.498,35.622,-16.87,-23.82
-35.0,Atelopus_laetissimus/Atelopus_laetissimus__IAvH-CSA-34160__2018-06-30__6b079835bb.wav,44100,1,38.654,1,0.0,38.654,38.654,1.0,37.747,-10.62,-23.88
-35.0,Atelopus_laetissimus/Atelopus_laetissimus__IAvH-CSA-34161__2018-06-30__8854363e1e.wav,44100,1,38.53,1,0.0,38.53,38.53,1.0,37.622,-10.64,-23.74
-35.0,Atelopus_laetissimus/Atelopus_laetissimus__IAvH-CSA-34162__2018-06-30__8d88b31951.wav,44100,1,64.67,1,0.0,29.998,29.998,1.0,24.998,-13.73,-22.66
-35.0,Atelopus_laetissimus/Atelopus_laetissimus__IAvH-CSA-34162__2018-06-30__8d88b31951.wav,44100,1,64.67,2,31.247,64.67,33.423,34.247,63.119,-9.95,-28.83
-35.0,Atelopus_laetissimus/Atelopus_laetissimus__IAvH-CSA-34163__2018-06-30__064bef1177.wav,44100,1,29.69,1,0.0,29.69,29.69,1.0,28.122,-10.4,-26.38
-35.0,Atelopus_laetissimus/Atelopus_laetissimus__IAvH-CSA-34164__2018-06-30__717e8b570a.wav,44100,1,16.349,1,0.0,16.349,16.349,1.0,13.874,-12.37,-24.64
-35.0,Atelopus_mittermeieri/Atelopus_mittermeieri__IAvH-CSA-15996__2008-05-19__20f5cc74be.wav,44100,1,135.22,1,0.0,13.874,13.874,0.0,8.874,-13.9,-19.69
-35.0,Atelopus_mittermeieri/Atelopus_mittermeieri__IAvH-CSA-15996__2008-05-19__20f5cc74be.wav,44100,1,135.22,2,14.498,23.248,8.75,17.498,18.248,-14.91,-20.36
-35.0,Atelopus_mittermeieri/Atelopus_mittermeieri__IAvH-CSA-15996__2008-05-19__20f5cc74be.wav,44100,1,135.22,3,28.997,37.747,8.75,31.997,32.747,-14.57,-20.87
-35.0,Atelopus_mittermeieri/Atelopus_mittermeieri__IAvH-CSA-15996__2008-05-19__20f5cc74be.wav,44100,1,135.22,4,39.496,48.246,8.75,42.496,43.246,-15.81,-21.25
-35.0,Atelopus_mittermeieri/Atelopus_mittermeieri__IAvH-CSA-15996__2008-05-19__20f5cc74be.wav,44100,1,135.22,5,50.495,59.245,8.75,53.495,54.245,-15.17,-19.66
-35.0,Atelopus_mittermeieri/Atelopus_mittermeieri__IAvH-CSA-15996__2008-05-19__20f5cc74be.wav,44100,1,135.22,6,67.994,76.744,8.75,70.994,71.744,-17.92,-22.29
-35.0,Atelopus_mittermeieri/Atelopus_mittermeieri__IAvH-CSA-15996__2008-05-19__20f5cc74be.wav,44100,1,135.22,7,91.616,135.22,43.603,94.616,131.613,-13.17,-20.85
-35.0,Atelopus_nicefori/Atelopus_nicefori__IAvH-CSA-16755____a0f180d058.wav,44100,1,68.145,1,0.25,60.25,60.0,3.25,60.25,-5.21,-26.87
-35.0,Atelopus_nicefori/Atelopus_nicefori__IAvH-CSA-16755____a0f180d058.wav,44100,1,68.145,2,60.25,65.994,5.745,60.25,60.994,-5.21,-26.87
-35.0,Atelopus_walkeri/Atelopus_walkeri__IAvH-CSA-15998__1972-06-17__ac55718e5e.wav,44100,1,94.797,1,0.0,24.623,24.623,2.625,19.623,-11.14,-22.45
-35.0,Atelopus_walkeri/Atelopus_walkeri__IAvH-CSA-15998__1972-06-17__ac55718e5e.wav,44100,1,94.797,2,25.622,48.496,22.874,28.622,43.496,-18.33,-28.42
-35.0,Atelopus_walkeri/Atelopus_walkeri__IAvH-CSA-15998__1972-06-17__ac55718e5e.wav,44100,1,94.797,3,51.12,91.492,40.372,54.12,86.492,-14.51,-29.53
-35.0,Atelopus_walkeri/Atelopus_walkeri__IAvH-CSA-15999__1972-06-17__9621a47a13.wav,44100,1,79.074,1,8.124,68.124,60.0,11.124,68.124,-5.89,-25.34
-35.0,Atelopus_walkeri/Atelopus_walkeri__IAvH-CSA-15999__1972-06-17__9621a47a13.wav,44100,1,79.074,2,68.124,74.494,6.37,68.124,69.494,-5.89,-25.34
-35.0,Atelopus_walkeri/Atelopus_walkeri__IAvH-CSA-17765__1972-06-17__bfae6135c2.wav,44100,1,53.25,1,3.624,18.374,14.749,6.624,13.374,-12.8,-22.62
-35.0,Atelopus_walkeri/Atelopus_walkeri__IAvH-CSA-17765__1972-06-17__bfae6135c2.wav,44100,1,53.25,2,18.498,50.871,32.373,21.498,45.871,-17.58,-23.18
-35.0,Boana/Boana__IAvH-CSA-18408__2019-01-04__7d73402d35.wav,96000,1,164.356,1,0.0,60.0,60.0,1.0,60.0,-20.34,-30.93
-35.0,Boana/Boana__IAvH-CSA-18408__2019-01-04__7d73402d35.wav,96000,1,164.356,2,60.0,120.0,60.0,60.0,120.0,-20.34,-30.93
-35.0,Boana/Boana__IAvH-CSA-18408__2019-01-04__7d73402d35.wav,96000,1,164.356,3,120.0,164.356,44.356,120.0,160.875,-20.34,-30.93
-35.0,Boana/Boana__IAvH-CSA-18410__2019-01-04__557a0eedb2.wav,96000,1,105.655,1,0.0,36.375,36.375,1.0,31.375,-20.34,-31.39
-35.0,Boana/Boana__IAvH-CSA-18410__2019-01-04__557a0eedb2.wav,96000,1,105.655,2,36.5,80.875,44.375,39.5,75.875,-25.85,-30.36
-35.0,Boana_boans/Boana_boans__IAvH-CSA-18225__2018-07-13__d4dc506687.wav,48000,1,165.932,1,0.0,12.0,12.0,0.0,7.0,-17.97,-24.6
-35.0,Boana_boans/Boana_boans__IAvH-CSA-18225__2018-07-13__d4dc506687.wav,48000,1,165.932,2,14.0,74.0,60.0,17.0,74.0,-19.28,-25.67
-35.0,Boana_boans/Boana_boans__IAvH-CSA-18225__2018-07-13__d4dc506687.wav,48000,1,165.932,3,74.0,134.0,60.0,74.0,134.0,-19.28,-25.67
-35.0,Boana_boans/Boana_boans__IAvH-CSA-18225__2018-07-13__d4dc506687.wav,48000,1,165.932,4,134.0,153.125,19.125,134.0,148.125,-19.28,-25.67
-35.0,Boana_boans/Boana_boans__IAvH-CSA-18225__2018-07-13__d4dc506687.wav,48000,1,165.932,5,159.5,165.932,6.432,162.5,163.0,-21.44,-23.47
-35.0,Boana_boans/Boana_boans__IAvH-CSA-18226__2018-07-13__6995a486cc.wav,48000,1,138.683,1,0.0,14.0,14.0,0.0,9.0,-20.22,-27.12
-35.0,Boana_boans/Boana_boans__IAvH-CSA-18226__2018-07-13__6995a486cc.wav,48000,1,138.683,2,15.375,75.375,60.0,18.375,75.375,-18.1,-26.62
-35.0,Boana_boans/Boana_boans__IAvH-CSA-18226__2018-07-13__6995a486cc.wav,48000,1,138.683,3,75.375,124.75,49.375,75.375,119.75,-18.1,-26.62
-35.0,Boana_boans/Boana_boans__IAvH-CSA-18226__2018-07-13__6995a486cc.wav,48000,1,138.683,4,129.875,138.375,8.5,132.875,133.375,-24.5,-26.88
-35.0,Boana_boans/Boana_boans__IAvH-CSA-18227__2018-07-13__40b4d9cc46.wav,48000,1,46.798,1,0.0,14.25,14.25,0.0,9.25,-18.75,-24.83
-35.0,Boana_boans/Boana_boans__IAvH-CSA-18227__2018-07-13__40b4d9cc46.wav,48000,1,46.798,2,16.0,40.375,24.375,19.0,35.375,-22.03,-30.64
-35.0,Boana_boans/Boana_boans__IAvH-CSA-18228__2018-07-13__acae70c181.wav,48000,1,170.759,1,0.0,8.25,8.25,0.0,3.25,-22.91,-27.48
-35.0,Boana_boans/Boana_boans__IAvH-CSA-18228__2018-07-13__acae70c181.wav,48000,1,170.759,2,22.25,82.25,60.0,25.25,82.25,-19.81,-23.98
-35.0,Boana_boans/Boana_boans__IAvH-CSA-18228__2018-07-13__acae70c181.wav,48000,1,170.759,3,82.25,142.25,60.0,82.25,142.25,-19.81,-23.98
-35.0,Boana_boans/Boana_boans__IAvH-CSA-18228__2018-07-13__acae70c181.wav,48000,1,170.759,4,142.25,170.759,28.509,142.25,167.875,-19.81,-23.98
-35.0,Boana_boans/Boana_boans__IAvH-CSA-34365__2017-02-16__c3095f3a81.wav,44100,1,118.238,1,0.0,60.0,60.0,2.125,56.495,-17.07,-22.47
-35.0,Boana_boans/Boana_boans__IAvH-CSA-34365__2017-02-16__c3095f3a81.wav,44100,1,118.238,2,60.0,61.495,1.495,60.0,56.495,-17.07,-22.47
-35.0,Boana_boans/Boana_boans__IAvH-CSA-34365__2017-02-16__c3095f3a81.wav,44100,1,118.238,3,62.619,118.238,55.619,65.619,118.114,-18.16,-26.91
-35.0,Boana_boans/Boana_boans__IAvH-CSA-34370__2017-02-17__799c1ced12.wav,44100,1,140.919,1,0.0,60.0,60.0,0.875,60.0,-12.15,-26.09
-35.0,Boana_boans/Boana_boans__IAvH-CSA-34370__2017-02-17__799c1ced12.wav,44100,1,140.919,2,60.0,120.0,60.0,60.0,120.0,-12.15,-26.09
-35.0,Boana_boans/Boana_boans__IAvH-CSA-34370__2017-02-17__799c1ced12.wav,44100,1,140.919,3,120.0,140.919,20.919,120.0,140.862,-12.15,-26.09
-35.0,Boana_boans/Boana_boans__IAvH-CSA-34371__2017-02-17__2b133bb592.wav,44100,1,179.956,1,14.498,27.498,13.0,17.498,22.498,-19.02,-24.15
-35.0,Boana_boans/Boana_boans__IAvH-CSA-34371__2017-02-17__2b133bb592.wav,44100,1,179.956,2,52.995,61.62,8.625,55.995,56.62,-20.92,-25.67
-35.0,Boana_boans/Boana_boans__IAvH-CSA-34371__2017-02-17__2b133bb592.wav,44100,1,179.956,3,107.115,115.74,8.625,110.115,110.74,-20.83,-25.43
-35.0,Boana_boans/Boana_boans__IAvH-CSA-34371__2017-02-17__2b133bb592.wav,44100,1,179.956,4,126.738,179.956,53.218,129.738,179.859,-20.96,-25.88
-35.0,Boana_boans/Boana_boans__IAvH-CSA-34372__2017-02-18__0b85c638f3.wav,44100,1,215.96,1,1.125,32.748,31.623,4.125,27.748,-19.38,-25.42
-35.0,Boana_boans/Boana_boans__IAvH-CSA-34372__2017-02-18__0b85c638f3.wav,44100,1,215.96,2,33.622,43.622,10.0,36.622,38.622,-19.69,-25.35
-35.0,Boana_boans/Boana_boans__IAvH-CSA-34372__2017-02-18__0b85c638f3.wav,44100,1,215.96,3,47.62,60.245,12.625,50.62,55.245,-19.08,-24.84
-35.0,Boana_boans/Boana_boans__IAvH-CSA-34372__2017-02-18__0b85c638f3.wav,44100,1,215.96,4,69.368,77.993,8.625,72.368,72.993,-19.19,-25.27
-35.0,Boana_boans/Boana_boans__IAvH-CSA-34372__2017-02-18__0b85c638f3.wav,44100,1,215.96,5,81.742,90.367,8.625,84.742,85.367,-19.42,-24.57
-35.0,Boana_boans/Boana_boans__IAvH-CSA-34372__2017-02-18__0b85c638f3.wav,44100,1,215.96,6,91.241,109.741,18.499,94.241,104.741,-18.63,-24.46
-35.0,Boana_boans/Boana_boans__IAvH-CSA-34372__2017-02-18__0b85c638f3.wav,44100,1,215.96,7,116.864,176.864,60.0,119.864,176.864,-18.08,-26.94
-35.0,Boana_boans/Boana_boans__IAvH-CSA-34372__2017-02-18__0b85c638f3.wav,44100,1,215.96,8,176.864,215.96,39.096,176.864,215.73,-18.08,-26.94
-35.0,Boana_boans/Boana_boans__IAvH-CSA-34373__2017-02-18__23993116d1.wav,44100,1,180.888,1,0.0,60.0,60.0,2.875,60.0,-18.13,-27.2
-35.0,Boana_boans/Boana_boans__IAvH-CSA-34373__2017-02-18__23993116d1.wav,44100,1,180.888,2,60.0,120.0,60.0,60.0,120.0,-18.13,-27.2
-35.0,Boana_boans/Boana_boans__IAvH-CSA-34373__2017-02-18__23993116d1.wav,44100,1,180.888,3,120.0,180.0,60.0,120.0,180.0,-18.13,-27.2
-35.0,Boana_boans/Boana_boans__IAvH-CSA-34373__2017-02-18__23993116d1.wav,44100,1,180.888,4,180.0,180.888,0.888,180.0,180.734,-18.13,-27.2
-35.0,Boana_boans/Boana_boans__IAvH-CSA-34375__2017-03-04__15870aaabc.wav,44100,1,87.66,1,31.872,87.66,55.788,34.872,87.617,-3.97,-26.27
-35.0,Boana_boans/Boana_boans__IAvH-CSA-34384__2017-03-18__7aa72bbafe.wav,44100,1,107.776,1,0.0,60.0,60.0,0.75,60.0,-8.91,-22.91
-35.0,Boana_boans/Boana_boans__IAvH-CSA-34384__2017-03-18__7aa72bbafe.wav,44100,1,107.776,2,60.0,107.776,47.776,60.0,107.74,-8.91,-22.91
-35.0,Boana_platanera/Boana_platanera__IAvH-CSA-34265__2020-12-09__2e81e1c34e.wav,48000,1,63.851,1,0.0,60.0,60.0,1.375,60.0,-16.57,-24.39
-35.0,Boana_platanera/Boana_platanera__IAvH-CSA-34265__2020-12-09__2e81e1c34e.wav,48000,1,63.851,2,60.0,63.851,3.851,60.0,63.75,-16.57,-24.39
-35.0,Boana_platanera/Boana_platanera__IAvH-CSA-34268__2020-12-09__a27cebe8a1.wav,48000,1,93.641,1,11.5,71.5,60.0,14.5,71.5,-15.6,-24.31
-35.0,Boana_platanera/Boana_platanera__IAvH-CSA-34268__2020-12-09__a27cebe8a1.wav,48000,1,93.641,2,71.5,93.641,22.141,71.5,93.625,-15.6,-24.31
-35.0,Boana_platanera/Boana_platanera__IAvH-CSA-34272__2020-12-13__739a1eee81.wav,48000,1,70.2,1,0.0,60.0,60.0,0.875,60.0,-16.89,-27.8
-35.0,Boana_platanera/Boana_platanera__IAvH-CSA-34272__2020-12-13__739a1eee81.wav,48000,1,70.2,2,60.0,70.2,10.2,60.0,70.125,-16.89,-27.8
-35.0,Boana_pugnax/Boana_pugnax__IAvH-CSA-18216__2018-07-11__2bd61197ca.wav,48000,1,97.322,1,0.0,8.375,8.375,0.0,3.375,-22.91,-27.31
-35.0,Boana_pugnax/Boana_pugnax__IAvH-CSA-18216__2018-07-11__2bd61197ca.wav,48000,1,97.322,2,12.125,72.125,60.0,15.125,72.125,-14.93,-29.83
-35.0,Boana_pugnax/Boana_pugnax__IAvH-CSA-18216__2018-07-11__2bd61197ca.wav,48000,1,97.322,3,72.125,97.322,25.197,72.125,93.125,-14.93,-29.83
-35.0,Boana_pugnax/Boana_pugnax__IAvH-CSA-18219__2018-07-13__af42e9a9c1.wav,48000,1,59.849,1,0.0,27.125,27.125,0.0,22.125,-11.9,-27.81
-35.0,Boana_pugnax/Boana_pugnax__IAvH-CSA-18219__2018-07-13__af42e9a9c1.wav,48000,1,59.849,2,41.125,59.849,18.724,44.125,58.625,-24.34,-28.46
-35.0,Boana_pugnax/Boana_pugnax__IAvH-CSA-18220__2018-07-14__7a58bed0d0.wav,48000,1,124.294,1,0.0,8.25,8.25,0.0,3.25,-22.91,-27.23
-35.0,Boana_pugnax/Boana_pugnax__IAvH-CSA-18220__2018-07-14__7a58bed0d0.wav,48000,1,124.294,2,22.125,31.0,8.875,25.125,26.0,-24.26,-27.61
-35.0,Boana_pugnax/Boana_pugnax__IAvH-CSA-18220__2018-07-14__7a58bed0d0.wav,48000,1,124.294,3,42.25,53.5,11.25,45.25,48.5,-23.74,-28.61
-35.0,Boana_pugnax/Boana_pugnax__IAvH-CSA-18220__2018-07-14__7a58bed0d0.wav,48000,1,124.294,4,58.875,70.875,12.0,61.875,65.875,-19.46,-26.44
-35.0,Boana_pugnax/Boana_pugnax__IAvH-CSA-18220__2018-07-14__7a58bed0d0.wav,48000,1,124.294,5,85.375,93.875,8.5,88.375,88.875,-31.65,-33.27
-35.0,Boana_pugnax/Boana_pugnax__IAvH-CSA-18220__2018-07-14__7a58bed0d0.wav,48000,1,124.294,6,101.375,123.5,22.125,104.375,118.5,-16.82,-26.31
-35.0,Boana_pugnax/Boana_pugnax__IAvH-CSA-18223__2018-07-13__110bbb9445.wav,48000,1,76.956,1,0.0,30.875,30.875,0.0,25.875,-21.83,-29.92
-35.0,Boana_pugnax/Boana_pugnax__IAvH-CSA-18223__2018-07-13__110bbb9445.wav,48000,1,76.956,2,33.0,76.956,43.956,36.0,75.625,-24.2,-28.98
-35.0,Boana_pugnax/Boana_pugnax__IAvH-CSA-18233__2018-07-17__b59796ba2a.wav,48000,1,78.273,1,0.0,8.375,8.375,0.0,3.375,-21.94,-25.75
-35.0,Boana_pugnax/Boana_pugnax__IAvH-CSA-18233__2018-07-17__b59796ba2a.wav,48000,1,78.273,2,12.875,29.375,16.5,15.875,24.375,-22.84,-26.41
-35.0,Boana_pugnax/Boana_pugnax__IAvH-CSA-18233__2018-07-17__b59796ba2a.wav,48000,1,78.273,3,32.875,75.375,42.5,35.875,70.375,-20.17,-25.32
-35.0,Boana_pugnax/Boana_pugnax__IAvH-CSA-18278__2018-07-08__184ecce2c5.wav,44100,1,70.466,1,0.0,60.0,60.0,1.0,60.0,-16.53,-27.47
-35.0,Boana_pugnax/Boana_pugnax__IAvH-CSA-18278__2018-07-08__184ecce2c5.wav,44100,1,70.466,2,60.0,70.466,10.466,60.0,68.619,-16.53,-27.47
-35.0,Boana_pugnax/Boana_pugnax__IAvH-CSA-18280__2018-07-08__64402d2f33.wav,48000,1,263.016,1,0.0,10.375,10.375,1.0,5.375,-20.59,-26.07
-35.0,Boana_pugnax/Boana_pugnax__IAvH-CSA-18280__2018-07-08__64402d2f33.wav,48000,1,263.016,2,14.75,74.75,60.0,17.75,74.75,-16.51,-23.22
-35.0,Boana_pugnax/Boana_pugnax__IAvH-CSA-18280__2018-07-08__64402d2f33.wav,48000,1,263.016,3,74.75,107.25,32.5,74.75,102.25,-16.51,-23.22
-35.0,Boana_pugnax/Boana_pugnax__IAvH-CSA-18280__2018-07-08__64402d2f33.wav,48000,1,263.016,4,109.75,169.75,60.0,112.75,166.25,-16.47,-27.48
-35.0,Boana_pugnax/Boana_pugnax__IAvH-CSA-18280__2018-07-08__64402d2f33.wav,48000,1,263.016,5,169.75,171.25,1.5,169.75,166.25,-16.47,-27.48
-35.0,Boana_pugnax/Boana_pugnax__IAvH-CSA-18280__2018-07-08__64402d2f33.wav,48000,1,263.016,6,175.625,235.625,60.0,178.625,235.625,-19.55,-31.45
-35.0,Boana_pugnax/Boana_pugnax__IAvH-CSA-18280__2018-07-08__64402d2f33.wav,48000,1,263.016,7,235.625,263.016,27.391,235.625,261.625,-19.55,-31.45
-35.0,Boana_pugnax/Boana_pugnax__IAvH-CSA-20267__2020-01-18__09bb28d64c.wav,44100,1,123.931,1,0.0,60.0,60.0,0.875,60.0,-11.64,-26.0
-35.0,Boana_pugnax/Boana_pugnax__IAvH-CSA-20267__2020-01-18__09bb28d64c.wav,44100,1,123.931,2,60.0,120.0,60.0,60.0,120.0,-11.64,-26.0
-35.0,Boana_pugnax/Boana_pugnax__IAvH-CSA-20267__2020-01-18__09bb28d64c.wav,44100,1,123.931,3,120.0,123.931,3.931,120.0,123.864,-11.64,-26.0
-35.0,Boana_pugnax/Boana_pugnax__IAvH-CSA-20273__2020-10-31__539cd7d016.wav,48000,1,103.558,1,0.0,60.0,60.0,0.875,60.0,-13.9,-25.81
-35.0,Boana_pugnax/Boana_pugnax__IAvH-CSA-20273__2020-10-31__539cd7d016.wav,48000,1,103.558,2,60.0,103.558,43.558,60.0,103.5,-13.9,-25.81
-35.0,Boana_rosenbergi/Boana_rosenbergi__IAvH-CSA-20268__2020-01-22__8eca0d45a2.wav,44100,1,116.381,1,0.0,60.0,60.0,0.875,60.0,-16.15,-23.9
-35.0,Boana_rosenbergi/Boana_rosenbergi__IAvH-CSA-20268__2020-01-22__8eca0d45a2.wav,44100,1,116.381,2,60.0,116.381,56.381,60.0,116.364,-16.15,-23.9
-35.0,Centrolene_antioquiense/Centrolene_antioquiense__IAvH-CSA-01448__2017-09-17__59d1a3fbf9.wav,44100,1,358.8,1,351.718,358.8,7.082,354.718,358.218,-20.4,-25.18
-35.0,Centrolene_antioquiense/Centrolene_antioquiense__IAvH-CSA-01449__2017-09-17__92d6b18be0.wav,44100,1,429.199,1,421.586,429.199,7.612,424.586,428.211,-20.37,-25.3
-35.0,Centrolene_huilensis/Centrolene_huilensis__IAvH-CSA-34233__2018-05-03__0ca2984392.wav,44100,1,78.701,1,0.0,10.0,10.0,0.0,5.0,-19.92,-25.6
-35.0,Centrolene_huilensis/Centrolene_huilensis__IAvH-CSA-34233__2018-05-03__0ca2984392.wav,44100,1,78.701,2,15.123,31.498,16.374,18.123,26.498,-22.77,-30.56
-35.0,Centrolene_huilensis/Centrolene_huilensis__IAvH-CSA-34233__2018-05-03__0ca2984392.wav,44100,1,78.701,3,40.746,78.701,37.955,43.746,78.243,-22.0,-30.12
-35.0,Centrolene_huilensis/Centrolene_huilensis__IAvH-CSA-34234__2018-05-04__96f1ee324f.wav,44100,1,97.714,1,0.0,60.0,60.0,0.0,60.0,-19.92,-30.24
-35.0,Centrolene_huilensis/Centrolene_huilensis__IAvH-CSA-34234__2018-05-04__96f1ee324f.wav,44100,1,97.714,2,60.0,97.714,37.714,60.0,97.241,-19.92,-30.24
-35.0,Centrolene_huilensis/Centrolene_huilensis__IAvH-CSA-34235__2018-05-04__6f157a62b5.wav,44100,1,76.817,1,0.0,10.125,10.125,0.0,5.125,-19.92,-26.18
-35.0,Centrolene_huilensis/Centrolene_huilensis__IAvH-CSA-34235__2018-05-04__6f157a62b5.wav,44100,1,76.817,2,36.871,76.817,39.945,39.871,76.243,-23.93,-30.08
-35.0,Centrolene_huilensis/Centrolene_huilensis__IAvH-CSA-34236__2018-05-05__ad414d86f3.wav,44100,1,82.085,1,0.0,10.25,10.25,0.0,5.25,-19.92,-26.47
-35.0,Centrolene_huilensis/Centrolene_huilensis__IAvH-CSA-34236__2018-05-05__ad414d86f3.wav,44100,1,82.085,2,38.871,82.085,43.214,41.871,81.368,-20.77,-29.77
-35.0,Centrolene_huilensis/Centrolene_huilensis__IAvH-CSA-34237__2018-05-04__5a0d7ffb3c.wav,44100,1,80.267,1,0.0,60.0,60.0,0.0,60.0,-19.92,-30.06
-35.0,Centrolene_huilensis/Centrolene_huilensis__IAvH-CSA-34237__2018-05-04__5a0d7ffb3c.wav,44100,1,80.267,2,60.0,80.267,20.267,60.0,79.618,-19.92,-30.06
-35.0,Centrolene_quindianum/Centrolene_quindianum__IAvH-CSA-18012__2015-10-01__686bb18ede.wav,44100,1,11.434,1,0.0,11.434,11.434,0.0,9.874,-12.99,-24.07
-35.0,Centrolene_quindianum/Centrolene_quindianum__IAvH-CSA-18013__2015-10-01__7dbf36df85.wav,44100,1,71.243,1,0.0,9.25,9.25,0.0,4.25,-22.5,-28.83
-35.0,Centrolene_quindianum/Centrolene_quindianum__IAvH-CSA-18013__2015-10-01__7dbf36df85.wav,44100,1,71.243,2,26.122,34.747,8.625,29.122,29.747,-17.96,-20.29
-35.0,Centrolene_quindianum/Centrolene_quindianum__IAvH-CSA-18013__2015-10-01__7dbf36df85.wav,44100,1,71.243,3,40.871,49.496,8.625,43.871,44.496,-17.9,-19.92
-35.0,Centrolene_quindianum/Centrolene_quindianum__IAvH-CSA-18013__2015-10-01__7dbf36df85.wav,44100,1,71.243,4,54.995,63.62,8.625,57.995,58.62,-21.93,-23.6
-35.0,Centrolene_quindianum/Centrolene_quindianum__IAvH-CSA-18013__2015-10-01__7dbf36df85.wav,44100,1,71.243,5,66.619,71.243,4.625,69.619,70.244,-22.66,-23.98
-35.0,Centrolene_quindianum/Centrolene_quindianum__IAvH-CSA-18014__2015-10-01__c004b783e2.wav,44100,1,74.742,1,0.0,13.374,13.374,0.0,8.374,-23.22,-27.62
-35.0,Centrolene_quindianum/Centrolene_quindianum__IAvH-CSA-18014__2015-10-01__c004b783e2.wav,44100,1,74.742,2,29.497,38.122,8.625,32.497,33.122,-25.28,-27.2
-35.0,Centrolene_quindianum/Centrolene_quindianum__IAvH-CSA-18014__2015-10-01__c004b783e2.wav,44100,1,74.742,3,56.62,74.742,18.123,59.62,71.619,-20.93,-29.6
-35.0,Centrolene_quindianum/Centrolene_quindianum__IAvH-CSA-18015__2015-10-01__62506f7cfa.wav,44100,1,106.815,1,0.0,18.124,18.124,0.0,13.124,-22.67,-29.5
-35.0,Centrolene_quindianum/Centrolene_quindianum__IAvH-CSA-18015__2015-10-01__62506f7cfa.wav,44100,1,106.815,2,33.247,41.872,8.625,36.247,36.872,-28.35,-29.19
-35.0,Centrolene_quindianum/Centrolene_quindianum__IAvH-CSA-18015__2015-10-01__62506f7cfa.wav,44100,1,106.815,3,77.368,86.493,9.125,80.368,81.493,-25.89,-31.38
-35.0,Centrolene_quindianum/Centrolene_quindianum__IAvH-CSA-18015__2015-10-01__62506f7cfa.wav,44100,1,106.815,4,89.492,104.991,15.499,92.492,99.991,-24.48,-28.66
-35.0,Centrolene_quindianum/Centrolene_quindianum__IAvH-CSA-18016__2015-10-01__eba029801e.wav,44100,1,46.581,1,0.0,46.581,46.581,0.0,43.871,-19.89,-29.95
-35.0,Centrolene_robledoi/Centrolene_robledoi__IAvH-CSA-01453__2016-11-26__eefa37e609.wav,44100,1,252.527,1,55.62,64.495,8.875,58.62,59.495,-30.71,-32.21
-35.0,Centrolene_robledoi/Centrolene_robledoi__IAvH-CSA-01453__2016-11-26__eefa37e609.wav,44100,1,252.527,2,65.369,74.119,8.75,68.369,69.119,-31.22,-33.57
-35.0,Centrolene_robledoi/Centrolene_robledoi__IAvH-CSA-01453__2016-11-26__eefa37e609.wav,44100,1,252.527,3,75.743,89.742,13.999,78.743,84.742,-21.55,-31.46
-35.0,Centrolene_robledoi/Centrolene_robledoi__IAvH-CSA-01453__2016-11-26__eefa37e609.wav,44100,1,252.527,4,97.866,107.616,9.75,100.866,102.616,-20.72,-28.78
-35.0,Centrolene_robledoi/Centrolene_robledoi__IAvH-CSA-01453__2016-11-26__eefa37e609.wav,44100,1,252.527,5,181.358,190.108,8.75,184.358,185.108,-30.5,-31.74
-35.0,Centrolene_robledoi/Centrolene_robledoi__IAvH-CSA-01453__2016-11-26__eefa37e609.wav,44100,1,252.527,6,191.107,199.857,8.75,194.107,194.857,-31.16,-33.55
-35.0,Centrolene_robledoi/Centrolene_robledoi__IAvH-CSA-01453__2016-11-26__eefa37e609.wav,44100,1,252.527,7,201.606,215.106,13.5,204.606,210.106,-21.54,-31.28
-35.0,Centrolene_robledoi/Centrolene_robledoi__IAvH-CSA-01453__2016-11-26__eefa37e609.wav,44100,1,252.527,8,223.604,233.354,9.75,226.604,228.354,-20.85,-28.79
-35.0,Centrolene_robledoi/Centrolene_robledoi__IAvH-CSA-01453__2016-11-26__eefa37e609.wav,44100,1,252.527,9,244.978,252.527,7.549,247.978,251.727,-20.57,-25.56
-35.0,Ceratophrys_calcarata/Ceratophrys_calcarata__IAvH-CSA-20338__2022-04-03__1c3d0df194.wav,44100,1,98.489,1,0.0,60.0,60.0,1.0,60.0,-11.16,-21.82
-35.0,Ceratophrys_calcarata/Ceratophrys_calcarata__IAvH-CSA-20338__2022-04-03__1c3d0df194.wav,44100,1,98.489,2,60.0,98.489,38.489,60.0,98.366,-11.16,-21.82
-35.0,Ceratophrys_calcarata/Ceratophrys_calcarata__IAvH-CSA-20339__2022-04-16__ee94426bf7.wav,44100,1,125.693,1,0.0,60.0,60.0,0.875,60.0,-12.43,-23.56
-35.0,Ceratophrys_calcarata/Ceratophrys_calcarata__IAvH-CSA-20339__2022-04-16__ee94426bf7.wav,44100,1,125.693,2,60.0,120.0,60.0,60.0,120.0,-12.43,-23.56
-35.0,Ceratophrys_calcarata/Ceratophrys_calcarata__IAvH-CSA-20339__2022-04-16__ee94426bf7.wav,44100,1,125.693,3,120.0,125.693,5.693,120.0,125.614,-12.43,-23.56
-35.0,Ceratophrys_calcarata/Ceratophrys_calcarata__IAvH-CSA-20340__2022-04-16__ada09162cd.wav,44100,1,107.434,1,0.0,60.0,60.0,0.875,60.0,-12.39,-22.89
-35.0,Ceratophrys_calcarata/Ceratophrys_calcarata__IAvH-CSA-20340__2022-04-16__ada09162cd.wav,44100,1,107.434,2,60.0,107.434,47.434,60.0,107.365,-12.39,-22.89
-35.0,Ceratophrys_calcarata/Ceratophrys_calcarata__IAvH-CSA-20341__2022-04-16__f6e2dc3414.wav,44100,1,104.212,1,0.0,60.0,60.0,0.875,60.0,-11.92,-22.78
-35.0,Ceratophrys_calcarata/Ceratophrys_calcarata__IAvH-CSA-20341__2022-04-16__f6e2dc3414.wav,44100,1,104.212,2,60.0,104.212,44.212,60.0,104.116,-11.92,-22.78
-35.0,Ceratophrys_calcarata/Ceratophrys_calcarata__IAvH-CSA-20342__2022-04-16__2e524b4c87.wav,44100,1,111.5,1,0.0,60.0,60.0,0.875,60.0,-12.84,-23.91
-35.0,Ceratophrys_calcarata/Ceratophrys_calcarata__IAvH-CSA-20342__2022-04-16__2e524b4c87.wav,44100,1,111.5,2,60.0,111.5,51.5,60.0,111.49,-12.84,-23.91
-35.0,Ceratophrys_calcarata/Ceratophrys_calcarata__IAvH-CSA-20343__2022-04-16__5a44d8aa36.wav,44100,1,110.192,1,0.0,60.0,60.0,0.875,60.0,-10.05,-22.97
-35.0,Ceratophrys_calcarata/Ceratophrys_calcarata__IAvH-CSA-20343__2022-04-16__5a44d8aa36.wav,44100,1,110.192,2,60.0,110.192,50.192,60.0,110.115,-10.05,-22.97
-35.0,Ceratophrys_calcarata/Ceratophrys_calcarata__IAvH-CSA-20344__2022-04-16__603c67deb6.wav,44100,1,117.278,1,0.0,60.0,60.0,0.875,60.0,-9.41,-21.99
-35.0,Ceratophrys_calcarata/Ceratophrys_calcarata__IAvH-CSA-20344__2022-04-16__603c67deb6.wav,44100,1,117.278,2,60.0,117.278,57.278,60.0,117.239,-9.41,-21.99
-35.0,Dendropsophus_molitor/Dendropsophus_molitor__IAvH-CSA-00690__2018-08-05__93bf7dc9be.wav,48000,1,169.817,1,0.0,60.0,60.0,1.0,60.0,-16.91,-26.65
-35.0,Dendropsophus_molitor/Dendropsophus_molitor__IAvH-CSA-00690__2018-08-05__93bf7dc9be.wav,48000,1,169.817,2,60.0,120.0,60.0,60.0,120.0,-16.91,-26.65
-35.0,Dendropsophus_molitor/Dendropsophus_molitor__IAvH-CSA-00690__2018-08-05__93bf7dc9be.wav,48000,1,169.817,3,120.0,169.817,49.817,120.0,169.75,-16.91,-26.65
-35.0,Dendropsophus_molitor/Dendropsophus_molitor__IAvH-CSA-09325__2019-03-03__1ff7ae5653.wav,48000,1,127.716,1,0.0,60.0,60.0,1.0,60.0,-14.42,-33.32
-35.0,Dendropsophus_molitor/Dendropsophus_molitor__IAvH-CSA-09325__2019-03-03__1ff7ae5653.wav,48000,1,127.716,2,60.0,116.25,56.25,60.0,111.25,-14.42,-33.32
-35.0,Dendropsophus_molitor/Dendropsophus_molitor__IAvH-CSA-09325__2019-03-03__1ff7ae5653.wav,48000,1,127.716,3,118.0,127.716,9.716,121.0,126.125,-26.04,-32.13
-35.0,Dendropsophus_molitor/Dendropsophus_molitor__IAvH-CSA-11023__2000-01-09__c3ee3eb5cf.wav,44100,2,165.92,1,0.0,16.374,16.374,1.125,11.374,-21.9,-30.43
-35.0,Dendropsophus_molitor/Dendropsophus_molitor__IAvH-CSA-11023__2000-01-09__c3ee3eb5cf.wav,44100,2,165.92,2,112.115,165.92,53.805,115.115,162.61,-15.41,-22.41
-35.0,Dendropsophus_molitor/Dendropsophus_molitor__IAvH-CSA-11074__2000-01-13__961980ffe5.wav,44100,2,201.373,1,0.0,7.5,7.5,0.5,2.5,-28.48,-31.22
-35.0,Dendropsophus_molitor/Dendropsophus_molitor__IAvH-CSA-11074__2000-01-13__961980ffe5.wav,44100,2,201.373,2,103.365,163.365,60.0,106.365,163.365,-22.87,-29.35
-35.0,Dendropsophus_molitor/Dendropsophus_molitor__IAvH-CSA-11074__2000-01-13__961980ffe5.wav,44100,2,201.373,3,163.365,201.373,38.008,163.365,196.732,-22.87,-29.35
-35.0,Leucostethus_fraterdanieli/Leucostethus_fraterdanieli__IAvH-CSA-18683__2018-09-02__938c2bc13a.wav,44100,1,11.359,1,0.0,11.359,11.359,1.0,10.374,-17.92,-22.6
-35.0,Phyllobates_bicolor/Phyllobates_bicolor__IAvH-CSA-34257__2018-07-01__80fa5b27a1.wav,44100,1,8.936,1,0.0,8.936,8.936,0.0,7.874,-18.56,-24.7
-30.0,Allobates_cepedai/Allobates_cepedai__IAvH-CSA-15981__2014-05-13__cf0f2093d1.wav,44100,1,222.359,1,0.0,48.371,48.371,0.0,43.371,-15.62,-18.13
-30.0,Allobates_cepedai/Allobates_cepedai__IAvH-CSA-15981__2014-05-13__cf0f2093d1.wav,44100,1,222.359,2,63.744,123.744,60.0,66.744,123.744,-16.12,-22.67
-30.0,Allobates_cepedai/Allobates_cepedai__IAvH-CSA-15981__2014-05-13__cf0f2093d1.wav,44100,1,222.359,3,123.744,183.744,60.0,123.744,183.744,-16.12,-22.67
-30.0,Allobates_cepedai/Allobates_cepedai__IAvH-CSA-15981__2014-05-13__cf0f2093d1.wav,44100,1,222.359,4,183.744,191.608,7.864,183.744,186.608,-16.12,-22.67
-30.0,Allobates_cepedai/Allobates_cepedai__IAvH-CSA-15981__2014-05-13__cf0f2093d1.wav,44100,1,222.359,5,193.482,222.359,28.877,196.482,218.98,-17.39,-26.4
-30.0,Allobates_niputidea/Allobates_niputidea__IAvH-CSA-18218__2018-07-13__8fea905c13.wav,48000,1,292.449,1,0.0,8.25,8.25,0.0,3.25,-22.91,-26.79
-30.0,Allobates_niputidea/Allobates_niputidea__IAvH-CSA-18218__2018-07-13__8fea905c13.wav,48000,1,292.449,2,108.0,132.875,24.875,111.0,127.875,-23.07,-25.97
-30.0,Allobates_niputidea/Allobates_niputidea__IAvH-CSA-18218__2018-07-13__8fea905c13.wav,48000,1,292.449,3,225.625,234.125,8.5,228.625,229.125,-25.65,-27.68
-30.0,Allobates_niputidea/Allobates_niputidea__IAvH-CSA-18218__2018-07-13__8fea905c13.wav,48000,1,292.449,4,283.625,292.125,8.5,286.625,287.125,-25.96,-27.95
-30.0,Allobates_niputidea/Allobates_niputidea__IAvH-CSA-18222__2018-07-13__df646a755f.wav,48000,1,100.388,1,0.0,6.75,6.75,0.0,1.75,-22.91,-26.52
-30.0,Allobates_niputidea/Allobates_niputidea__IAvH-CSA-18222__2018-07-13__df646a755f.wav,48000,1,100.388,2,7.75,32.75,25.0,10.75,27.75,-18.45,-21.2
-30.0,Allobates_niputidea/Allobates_niputidea__IAvH-CSA-18222__2018-07-13__df646a755f.wav,48000,1,100.388,3,76.25,94.375,18.125,79.25,89.375,-17.66,-22.0
-30.0,Amphibia/Amphibia__IAvH-CSA-14879____b36b160462.wav,44100,2,141.464,1,0.0,7.625,7.625,0.0,2.625,-23.44,-27.63
-30.0,Andinobates_daleswansoni/Andinobates_daleswansoni__IAvH-CSA-03597__2017-08-06__8d863f05ee.wav,44100,1,66.337,1,19.498,28.123,8.625,22.498,23.123,-25.5,-26.98
-30.0,Andinobates_daleswansoni/Andinobates_daleswansoni__IAvH-CSA-03597__2017-08-06__8d863f05ee.wav,44100,1,66.337,2,59.494,66.337,6.843,62.494,66.244,-19.85,-25.07
-30.0,Andinobates_daleswansoni/Andinobates_daleswansoni__IAvH-CSA-18534__2017-08-06__6ae3645d76.wav,44100,1,103.164,1,0.0,12.499,12.499,1.875,7.499,-20.46,-25.71
-30.0,Andinobates_daleswansoni/Andinobates_daleswansoni__IAvH-CSA-18534__2017-08-06__6ae3645d76.wav,44100,1,103.164,2,95.866,103.164,7.298,98.866,99.491,-28.82,-29.21
-30.0,Andinobates_daleswansoni/Andinobates_daleswansoni__IAvH-CSA-18535__2017-08-06__44c5549d78.wav,44100,1,103.775,1,0.0,10.999,10.999,1.875,5.999,-20.93,-23.87
-30.0,Andinobates_daleswansoni/Andinobates_daleswansoni__IAvH-CSA-18536__2017-09-13__debbd04657.wav,44100,1,210.833,1,0.0,10.874,10.874,1.875,5.874,-20.93,-24.36
-30.0,Andinobates_daleswansoni/Andinobates_daleswansoni__IAvH-CSA-18536__2017-09-13__debbd04657.wav,44100,1,210.833,2,85.367,95.242,9.875,88.367,90.242,-26.42,-27.62
-30.0,Andinobates_daleswansoni/Andinobates_daleswansoni__IAvH-CSA-18536__2017-09-13__debbd04657.wav,44100,1,210.833,3,106.865,116.99,10.125,109.865,111.99,-26.42,-27.63
-30.0,Andinobates_daleswansoni/Andinobates_daleswansoni__IAvH-CSA-18536__2017-09-13__debbd04657.wav,44100,1,210.833,4,125.988,136.113,10.125,128.988,131.113,-26.84,-27.89
-30.0,Andinobates_daleswansoni/Andinobates_daleswansoni__IAvH-CSA-18536__2017-09-13__debbd04657.wav,44100,1,210.833,5,155.361,164.736,9.375,158.361,159.736,-28.8,-29.23
-30.0,Andinobates_daleswansoni/Andinobates_daleswansoni__IAvH-CSA-18536__2017-09-13__debbd04657.wav,44100,1,210.833,6,166.61,176.484,9.875,169.61,171.484,-27.4,-28.3
-30.0,Andinobates_daleswansoni/Andinobates_daleswansoni__IAvH-CSA-18536__2017-09-13__debbd04657.wav,44100,1,210.833,7,184.483,194.858,10.375,187.483,189.858,-23.68,-24.78
-30.0,Andinobates_daleswansoni/Andinobates_daleswansoni__IAvH-CSA-18536__2017-09-13__debbd04657.wav,44100,1,210.833,8,203.731,210.833,7.102,206.731,208.981,-23.65,-25.42
-30.0,Andinobates_daleswansoni/Andinobates_daleswansoni__IAvH-CSA-18537__2017-09-13__161164b5c4.wav,44100,1,198.214,1,0.0,10.999,10.999,1.875,5.999,-20.93,-24.96
-30.0,Andinobates_daleswansoni/Andinobates_daleswansoni__IAvH-CSA-18537__2017-09-13__161164b5c4.wav,44100,1,198.214,2,57.994,66.994,9.0,60.994,61.994,-27.76,-28.95
-30.0,Andinobates_daleswansoni/Andinobates_daleswansoni__IAvH-CSA-18537__2017-09-13__161164b5c4.wav,44100,1,198.214,3,127.738,136.988,9.25,130.738,131.988,-28.71,-29.2
-30.0,Andinobates_daleswansoni/Andinobates_daleswansoni__IAvH-CSA-18538__2017-09-13__ea817d6aa3.wav,44100,1,107.874,1,0.0,16.999,16.999,1.875,11.999,-20.93,-26.39
-30.0,Andinobates_daleswansoni/Andinobates_daleswansoni__IAvH-CSA-18538__2017-09-13__ea817d6aa3.wav,44100,1,107.874,2,52.995,81.618,28.623,55.995,76.618,-25.38,-26.79
-30.0,Andinobates_daleswansoni/Andinobates_daleswansoni__IAvH-CSA-18538__2017-09-13__ea817d6aa3.wav,44100,1,107.874,3,83.742,107.874,24.132,86.742,106.615,-25.7,-27.18
-30.0,Andinobates_daleswansoni/Andinobates_daleswansoni__IAvH-CSA-18539__2017-09-16__286bd51ef7.wav,44100,1,84.132,1,0.0,60.0,60.0,1.875,60.0,-20.67,-23.05
-30.0,Andinobates_daleswansoni/Andinobates_daleswansoni__IAvH-CSA-18539__2017-09-16__286bd51ef7.wav,44100,1,84.132,2,60.0,84.132,24.132,60.0,82.992,-20.67,-23.05
-30.0,Andinobates_daleswansoni/Andinobates_daleswansoni__IAvH-CSA-18540__2017-09-18__e54d014911.wav,44100,1,178.089,1,0.0,10.75,10.75,1.875,5.75,-20.42,-24.14
-30.0,Andinobates_daleswansoni/Andinobates_daleswansoni__IAvH-CSA-18540__2017-09-18__e54d014911.wav,44100,1,178.089,2,43.121,51.746,8.625,46.121,46.746,-18.67,-22.8
-30.0,Andinobates_daleswansoni/Andinobates_daleswansoni__IAvH-CSA-18540__2017-09-18__e54d014911.wav,44100,1,178.089,3,80.492,89.117,8.625,83.492,84.117,-28.15,-29.08
-30.0,Andinobates_daleswansoni/Andinobates_daleswansoni__IAvH-CSA-18540__2017-09-18__e54d014911.wav,44100,1,178.089,4,117.864,136.488,18.624,120.864,131.488,-19.43,-25.27
-30.0,Andinobates_daleswansoni/Andinobates_daleswansoni__IAvH-CSA-18540__2017-09-18__e54d014911.wav,44100,1,178.089,5,149.986,160.611,10.625,152.986,155.611,-21.95,-24.23
-30.0,Andinobates_daleswansoni/Andinobates_daleswansoni__IAvH-CSA-18540__2017-09-18__e54d014911.wav,44100,1,178.089,6,170.359,178.089,7.729,173.359,175.859,-23.55,-25.31
-30.0,Andinobates_daleswansoni/Andinobates_daleswansoni__IAvH-CSA-18541__2017-09-19__ee5a77bdce.wav,44100,1,27.516,1,0.0,27.516,27.516,1.875,23.998,-20.42,-26.21
-30.0,Andinobates_daleswansoni/Andinobates_daleswansoni__IAvH-CSA-18542__2017-09-19__89e6055611.wav,44100,1,117.064,1,0.0,10.75,10.75,1.875,5.75,-20.42,-24.41
-30.0,Andinobates_daleswansoni/Andinobates_daleswansoni__IAvH-CSA-18542__2017-09-19__89e6055611.wav,44100,1,117.064,2,51.245,59.87,8.625,54.245,54.87,-26.45,-27.48
-30.0,Andinobates_daleswansoni/Andinobates_daleswansoni__IAvH-CSA-18543__2017-09-19__b3d6c050b8.wav,44100,1,136.43,1,0.0,10.874,10.874,1.875,5.874,-20.42,-24.23
-30.0,Anura/Anura__IAvH-CSA-00584__1999-09-26__5ef3022e04.wav,44100,1,230.922,1,15.123,75.123,60.0,18.123,75.123,-17.92,-28.87
-30.0,Anura/Anura__IAvH-CSA-00584__1999-09-26__5ef3022e04.wav,44100,1,230.922,2,75.123,135.123,60.0,75.123,135.123,-17.92,-28.87
-30.0,Anura/Anura__IAvH-CSA-00584__1999-09-26__5ef3022e04.wav,44100,1,230.922,3,135.123,195.123,60.0,135.123,195.123,-17.92,-28.87
-30.0,Anura/Anura__IAvH-CSA-00584__1999-09-26__5ef3022e04.wav,44100,1,230.922,4,195.123,223.605,28.482,195.123,218.605,-17.92,-28.87
-30.0,Anura/Anura__IAvH-CSA-00584__1999-09-26__5ef3022e04.wav,44100,1,230.922,5,224.479,230.922,6.442,227.479,230.854,-20.74,-25.07
-30.0,Anura/Anura__IAvH-CSA-11075__2000-01-14__20585d4b3e.wav,44100,2,339.106,1,51.495,64.37,12.875,54.495,59.37,-16.59,-23.67
-30.0,Anura/Anura__IAvH-CSA-11075__2000-01-14__20585d4b3e.wav,44100,2,339.106,2,76.118,84.993,8.875,79.118,79.993,-25.86,-27.75
-30.0,Anura/Anura__IAvH-CSA-11075__2000-01-14__20585d4b3e.wav,44100,2,339.106,3,187.233,196.233,9.0,190.233,191.233,-21.3,-24.53
-30.0,Anura/Anura__IAvH-CSA-11075__2000-01-14__20585d4b3e.wav,44100,2,339.106,4,198.357,207.107,8.75,201.357,202.107,-22.71,-25.04
-30.0,Anura/Anura__IAvH-CSA-11075__2000-01-14__20585d4b3e.wav,44100,2,339.106,5,208.356,218.731,10.375,211.356,213.731,-23.58,-26.49
-30.0,Anura/Anura__IAvH-CSA-11075__2000-01-14__20585d4b3e.wav,44100,2,339.106,6,249.852,262.852,13.0,252.852,257.852,-25.74,-27.56
-30.0,Anura/Anura__IAvH-CSA-11075__2000-01-14__20585d4b3e.wav,44100,2,339.106,7,280.099,339.106,59.007,283.099,336.095,-14.12,-20.26
-30.0,Anura/Anura__IAvH-CSA-14963__2018-10-17__1b316eabe0.wav,96000,1,41.131,1,0.0,41.131,41.131,0.125,41.125,-18.06,-26.46
-30.0,Anura/Anura__IAvH-CSA-18685__2018-11-05__6382842737.wav,44100,1,960.946,1,0.0,10.25,10.25,1.0,5.25,-20.74,-25.01
-30.0,Anura/Anura__IAvH-CSA-20100__2018-09-15__b808728e3d.wav,44100,1,365.306,1,0.0,60.0,60.0,0.0,60.0,-15.96,-24.87
-30.0,Anura/Anura__IAvH-CSA-20100__2018-09-15__b808728e3d.wav,44100,1,365.306,2,60.0,120.0,60.0,60.0,120.0,-15.96,-24.87
-30.0,Anura/Anura__IAvH-CSA-20100__2018-09-15__b808728e3d.wav,44100,1,365.306,3,120.0,180.0,60.0,120.0,180.0,-15.96,-24.87
-30.0,Anura/Anura__IAvH-CSA-20100__2018-09-15__b808728e3d.wav,44100,1,365.306,4,180.0,240.0,60.0,180.0,240.0,-15.96,-24.87
-30.0,Anura/Anura__IAvH-CSA-20100__2018-09-15__b808728e3d.wav,44100,1,365.306,5,240.0,300.0,60.0,240.0,300.0,-15.96,-24.87
-30.0,Anura/Anura__IAvH-CSA-20100__2018-09-15__b808728e3d.wav,44100,1,365.306,6,300.0,360.0,60.0,300.0,360.0,-15.96,-24.87
-30.0,Anura/Anura__IAvH-CSA-20100__2018-09-15__b808728e3d.wav,44100,1,365.306,7,360.0,365.306,5.306,360.0,364.342,-15.96,-24.87
-30.0,Anura/Anura__IAvH-CSA-20101__2018-09-18__7fc682eee7.wav,44100,1,43.298,1,0.0,43.298,43.298,0.0,42.496,-10.97,-22.67
-30.0,Anura/Anura__IAvH-CSA-20102__2018-09-18__def61d4a5a.wav,44100,1,84.674,1,0.0,60.0,60.0,0.0,60.0,-10.15,-23.02
-30.0,Anura/Anura__IAvH-CSA-20102__2018-09-18__def61d4a5a.wav,44100,1,84.674,2,60.0,84.674,24.674,60.0,83.867,-10.15,-23.02
-30.0,Anura/Anura__IAvH-CSA-20104__2018-09-18__0b2eb88bca.wav,44100,1,79.374,1,0.0,10.0,10.0,0.0,5.0,-20.06,-23.58
-30.0,Anura/Anura__IAvH-CSA-20104__2018-09-18__0b2eb88bca.wav,44100,1,79.374,2,30.997,39.747,8.75,33.997,34.747,-26.97,-28.32
-30.0,Anura/Anura__IAvH-CSA-20104__2018-09-18__0b2eb88bca.wav,44100,1,79.374,3,46.62,61.62,14.999,49.62,56.62,-24.41,-27.75
-30.0,Anura/Anura__IAvH-CSA-20105__2018-09-18__fbf90a04d9.wav,44100,1,52.466,1,0.0,10.0,10.0,0.0,5.0,-20.68,-23.78
-30.0,Anura/Anura__IAvH-CSA-20106__2018-09-18__191869cfc0.wav,44100,1,46.063,1,0.0,46.063,46.063,0.0,45.121,-12.11,-24.99
-30.0,Anura/Anura__IAvH-CSA-20107__2018-09-18__454766a3a4.wav,44100,1,46.436,1,0.0,9.875,9.875,0.0,4.875,-20.68,-24.06
-30.0,Anura/Anura__IAvH-CSA-20107__2018-09-18__454766a3a4.wav,44100,1,46.436,2,15.748,24.498,8.75,18.748,19.498,-25.93,-26.98
-30.0,Anura/Anura__IAvH-CSA-20107__2018-09-18__454766a3a4.wav,44100,1,46.436,3,28.872,39.247,10.375,31.872,34.247,-20.36,-24.85
-30.0,Anura/Anura__IAvH-CSA-20302__2022-07-28__f543d5605f.wav,48000,1,135.915,1,0.0,60.0,60.0,0.875,60.0,-19.02,-27.95
-30.0,Anura/Anura__IAvH-CSA-20302__2022-07-28__f543d5605f.wav,48000,1,135.915,2,60.0,120.0,60.0,60.0,120.0,-19.02,-27.95
-30.0,Anura/Anura__IAvH-CSA-20302__2022-07-28__f543d5605f.wav,48000,1,135.915,3,120.0,126.625,6.625,120.0,121.625,-19.02,-27.95
-30.0,Anura/Anura__IAvH-CSA-20302__2022-07-28__f543d5605f.wav,48000,1,135.915,4,127.625,135.915,8.29,130.625,135.625,-17.33,-22.26
-30.0,Anura/Anura__IAvH-CSA-34377__2017-03-07__2ff3753b5b.wav,44100,1,85.686,1,0.25,60.25,60.0,3.25,60.25,-11.86,-23.86
-30.0,Anura/Anura__IAvH-CSA-34377__2017-03-07__2ff3753b5b.wav,44100,1,85.686,2,60.25,85.686,25.437,60.25,85.617,-11.86,-23.86
-30.0,Anura/Anura__IAvH-CSA-34379__2017-03-08__939acb1050.wav,44100,1,61.006,1,0.0,60.0,60.0,0.875,60.0,-11.83,-22.96
-30.0,Anura/Anura__IAvH-CSA-34379__2017-03-08__939acb1050.wav,44100,1,61.006,2,60.0,61.006,1.006,60.0,60.994,-11.83,-22.96
-30.0,Atelopus_ardila/Atelopus_ardila__IAvH-CSA-15997____c09b25bc39.wav,44100,1,101.132,1,28.497,88.497,60.0,31.497,88.497,-16.18,-26.85
-30.0,Atelopus_ardila/Atelopus_ardila__IAvH-CSA-15997____c09b25bc39.wav,44100,1,101.132,2,88.497,101.132,12.635,88.497,98.741,-16.18,-26.85
-30.0,Atelopus_laetissimus/Atelopus_laetissimus__IAvH-CSA-34148__2018-06-30__6da0e1e593.wav,44100,1,49.393,1,0.0,49.393,49.393,1.0,48.246,-15.58,-23.16
-30.0,Atelopus_laetissimus/Atelopus_laetissimus__IAvH-CSA-34149__2018-06-30__8e2e8bc752.wav,44100,1,61.795,1,0.0,60.0,60.0,1.0,56.87,-7.45,-24.05
-30.0,Atelopus_laetissimus/Atelopus_laetissimus__IAvH-CSA-34149__2018-06-30__8e2e8bc752.wav,44100,1,61.795,2,60.0,61.795,1.795,60.0,56.87,-7.45,-24.05
-30.0,Atelopus_laetissimus/Atelopus_laetissimus__IAvH-CSA-34150__2018-06-30__5a2573e0d3.wav,44100,1,58.922,1,0.0,17.249,17.249,1.0,12.249,-16.22,-22.62
-30.0,Atelopus_laetissimus/Atelopus_laetissimus__IAvH-CSA-34150__2018-06-30__5a2573e0d3.wav,44100,1,58.922,2,21.248,58.922,37.674,24.248,57.87,-11.84,-23.12
-30.0,Atelopus_laetissimus/Atelopus_laetissimus__IAvH-CSA-34151__2018-06-30__68180d499b.wav,44100,1,53.641,1,0.0,53.641,53.641,1.0,52.495,-5.97,-19.25
-30.0,Atelopus_laetissimus/Atelopus_laetissimus__IAvH-CSA-34152__2018-06-30__6c370aca43.wav,44100,1,54.173,1,0.0,54.173,54.173,1.0,52.495,-8.09,-21.7
-30.0,Atelopus_laetissimus/Atelopus_laetissimus__IAvH-CSA-34153__2018-06-30__77bc344a70.wav,44100,1,41.159,1,0.0,16.499,16.499,1.0,11.499,-13.96,-22.39
-30.0,Atelopus_laetissimus/Atelopus_laetissimus__IAvH-CSA-34154__2018-06-30__9ed264bcab.wav,44100,1,34.338,1,0.0,34.338,34.338,1.0,33.122,-15.04,-25.63
-30.0,Atelopus_laetissimus/Atelopus_laetissimus__IAvH-CSA-34155__2018-06-30__8f97ed0e72.wav,44100,1,38.375,1,0.0,38.375,38.375,1.0,37.497,-11.02,-23.29
-30.0,Atelopus_laetissimus/Atelopus_laetissimus__IAvH-CSA-34156__2018-06-30__d7dd3da275.wav,44100,1,26.904,1,0.0,20.999,20.999,1.0,15.999,-10.65,-23.06
-30.0,Atelopus_laetissimus/Atelopus_laetissimus__IAvH-CSA-34157__2018-06-30__bdd33d2ef2.wav,44100,1,34.654,1,0.0,34.654,34.654,1.0,33.247,-10.29,-22.7
-30.0,Atelopus_laetissimus/Atelopus_laetissimus__IAvH-CSA-34158__2018-06-30__d040ab560d.wav,44100,1,51.122,1,0.0,51.122,51.122,1.0,47.121,-12.61,-27.95
-30.0,Atelopus_laetissimus/Atelopus_laetissimus__IAvH-CSA-34159__2018-06-30__eff85f870c.wav,44100,1,47.141,1,0.0,10.25,10.25,1.0,5.25,-20.1,-24.16
-30.0,Atelopus_laetissimus/Atelopus_laetissimus__IAvH-CSA-34160__2018-06-30__6b079835bb.wav,44100,1,38.654,1,0.0,38.654,38.654,1.0,37.747,-10.62,-23.56
-30.0,Atelopus_laetissimus/Atelopus_laetissimus__IAvH-CSA-34161__2018-06-30__8854363e1e.wav,44100,1,38.53,1,0.0,38.53,38.53,1.0,37.622,-10.64,-22.85
-30.0,Atelopus_laetissimus/Atelopus_laetissimus__IAvH-CSA-34162__2018-06-30__8d88b31951.wav,44100,1,64.67,1,0.0,13.874,13.874,1.0,8.874,-16.39,-23.25
-30.0,Atelopus_laetissimus/Atelopus_laetissimus__IAvH-CSA-34162__2018-06-30__8d88b31951.wav,44100,1,64.67,2,36.371,64.67,28.299,39.371,62.494,-9.95,-26.58
-30.0,Atelopus_laetissimus/Atelopus_laetissimus__IAvH-CSA-34163__2018-06-30__064bef1177.wav,44100,1,29.69,1,0.0,29.69,29.69,1.0,27.997,-10.4,-23.91
-30.0,Atelopus_laetissimus/Atelopus_laetissimus__IAvH-CSA-34164__2018-06-30__717e8b570a.wav,44100,1,16.349,1,0.0,16.349,16.349,1.0,12.999,-12.37,-22.22
-30.0,Atelopus_mittermeieri/Atelopus_mittermeieri__IAvH-CSA-15996__2008-05-19__20f5cc74be.wav,44100,1,135.22,1,0.0,13.874,13.874,0.0,8.874,-13.9,-18.02
-30.0,Atelopus_mittermeieri/Atelopus_mittermeieri__IAvH-CSA-15996__2008-05-19__20f5cc74be.wav,44100,1,135.22,2,14.623,23.248,8.625,17.623,18.248,-14.91,-17.75
-30.0,Atelopus_mittermeieri/Atelopus_mittermeieri__IAvH-CSA-15996__2008-05-19__20f5cc74be.wav,44100,1,135.22,3,29.122,37.747,8.625,32.122,32.747,-14.57,-17.87
-30.0,Atelopus_mittermeieri/Atelopus_mittermeieri__IAvH-CSA-15996__2008-05-19__20f5cc74be.wav,44100,1,135.22,4,39.621,48.246,8.625,42.621,43.246,-15.81,-18.29
-30.0,Atelopus_mittermeieri/Atelopus_mittermeieri__IAvH-CSA-15996__2008-05-19__20f5cc74be.wav,44100,1,135.22,5,50.495,59.245,8.75,53.495,54.245,-15.17,-19.66
-30.0,Atelopus_mittermeieri/Atelopus_mittermeieri__IAvH-CSA-15996__2008-05-19__20f5cc74be.wav,44100,1,135.22,6,67.994,76.744,8.75,70.994,71.744,-17.92,-22.29
-30.0,Atelopus_mittermeieri/Atelopus_mittermeieri__IAvH-CSA-15996__2008-05-19__20f5cc74be.wav,44100,1,135.22,7,91.616,104.741,13.125,94.616,99.741,-15.14,-21.17
-30.0,Atelopus_mittermeieri/Atelopus_mittermeieri__IAvH-CSA-15996__2008-05-19__20f5cc74be.wav,44100,1,135.22,8,110.365,135.22,24.855,113.365,131.613,-13.17,-18.48
-30.0,Atelopus_nicefori/Atelopus_nicefori__IAvH-CSA-16755____a0f180d058.wav,44100,1,68.145,1,2.5,12.874,10.375,5.5,7.874,-19.68,-23.64
-30.0,Atelopus_nicefori/Atelopus_nicefori__IAvH-CSA-16755____a0f180d058.wav,44100,1,68.145,2,13.623,65.994,52.371,16.623,60.994,-5.21,-24.77
-30.0,Atelopus_walkeri/Atelopus_walkeri__IAvH-CSA-15998__1972-06-17__ac55718e5e.wav,44100,1,94.797,1,0.0,24.623,24.623,2.625,19.623,-11.14,-22.17
-30.0,Atelopus_walkeri/Atelopus_walkeri__IAvH-CSA-15998__1972-06-17__ac55718e5e.wav,44100,1,94.797,2,25.622,34.622,9.0,28.622,29.622,-25.38,-27.9
-30.0,Atelopus_walkeri/Atelopus_walkeri__IAvH-CSA-15998__1972-06-17__ac55718e5e.wav,44100,1,94.797,3,38.871,47.746,8.875,41.871,42.746,-18.33,-23.65
-30.0,Atelopus_walkeri/Atelopus_walkeri__IAvH-CSA-15998__1972-06-17__ac55718e5e.wav,44100,1,94.797,4,57.37,80.118,22.749,60.37,75.118,-14.51,-23.62
-30.0,Atelopus_walkeri/Atelopus_walkeri__IAvH-CSA-15999__1972-06-17__9621a47a13.wav,44100,1,79.074,1,8.249,37.247,28.998,11.249,32.247,-5.89,-22.03
-30.0,Atelopus_walkeri/Atelopus_walkeri__IAvH-CSA-15999__1972-06-17__9621a47a13.wav,44100,1,79.074,2,42.996,54.121,11.125,45.996,49.121,-15.72,-19.69
-30.0,Atelopus_walkeri/Atelopus_walkeri__IAvH-CSA-15999__1972-06-17__9621a47a13.wav,44100,1,79.074,3,58.494,71.744,13.25,61.494,66.744,-16.66,-23.33
-30.0,Atelopus_walkeri/Atelopus_walkeri__IAvH-CSA-17765__1972-06-17__bfae6135c2.wav,44100,1,53.25,1,3.624,18.249,14.624,6.624,13.249,-12.8,-21.64
-30.0,Atelopus_walkeri/Atelopus_walkeri__IAvH-CSA-17765__1972-06-17__bfae6135c2.wav,44100,1,53.25,2,18.498,28.498,10.0,21.498,23.498,-19.44,-23.5
-30.0,Atelopus_walkeri/Atelopus_walkeri__IAvH-CSA-17765__1972-06-17__bfae6135c2.wav,44100,1,53.25,3,28.872,50.871,21.999,31.872,45.871,-17.58,-22.97
-30.0,Boana/Boana__IAvH-CSA-18408__2019-01-04__7d73402d35.wav,96000,1,164.356,1,0.0,11.625,11.625,1.0,6.625,-20.34,-25.46
-30.0,Boana/Boana__IAvH-CSA-18408__2019-01-04__7d73402d35.wav,96000,1,164.356,2,136.875,164.356,27.481,139.875,159.875,-25.4,-28.32
-30.0,Boana/Boana__IAvH-CSA-18410__2019-01-04__557a0eedb2.wav,96000,1,105.655,1,0.0,10.0,10.0,1.0,5.0,-20.34,-24.07
-30.0,Boana/Boana__IAvH-CSA-18410__2019-01-04__557a0eedb2.wav,96000,1,105.655,2,36.5,45.0,8.5,39.5,40.0,-25.85,-27.68
-30.0,Boana_boans/Boana_boans__IAvH-CSA-18225__2018-07-13__d4dc506687.wav,48000,1,165.932,1,0.0,11.375,11.375,0.0,6.375,-17.97,-23.75
-30.0,Boana_boans/Boana_boans__IAvH-CSA-18225__2018-07-13__d4dc506687.wav,48000,1,165.932,2,14.0,30.875,16.875,17.0,25.875,-19.28,-22.93
-30.0,Boana_boans/Boana_boans__IAvH-CSA-18225__2018-07-13__d4dc506687.wav,48000,1,165.932,3,33.75,93.75,60.0,36.75,93.75,-23.09,-26.6
-30.0,Boana_boans/Boana_boans__IAvH-CSA-18225__2018-07-13__d4dc506687.wav,48000,1,165.932,4,93.75,120.5,26.75,93.75,115.5,-23.09,-26.6
-30.0,Boana_boans/Boana_boans__IAvH-CSA-18225__2018-07-13__d4dc506687.wav,48000,1,165.932,5,120.75,143.375,22.625,123.75,138.375,-22.95,-25.46
-30.0,Boana_boans/Boana_boans__IAvH-CSA-18225__2018-07-13__d4dc506687.wav,48000,1,165.932,6,144.625,153.125,8.5,147.625,148.125,-22.67,-24.77
-30.0,Boana_boans/Boana_boans__IAvH-CSA-18225__2018-07-13__d4dc506687.wav,48000,1,165.932,7,159.5,165.932,6.432,162.5,163.0,-21.44,-23.47
-30.0,Boana_boans/Boana_boans__IAvH-CSA-18226__2018-07-13__6995a486cc.wav,48000,1,138.683,1,0.0,13.875,13.875,0.0,8.875,-20.22,-25.81
-30.0,Boana_boans/Boana_boans__IAvH-CSA-18226__2018-07-13__6995a486cc.wav,48000,1,138.683,2,15.375,75.375,60.0,18.375,75.375,-18.1,-23.59
-30.0,Boana_boans/Boana_boans__IAvH-CSA-18226__2018-07-13__6995a486cc.wav,48000,1,138.683,3,75.375,117.75,42.375,75.375,112.75,-18.1,-23.59
-30.0,Boana_boans/Boana_boans__IAvH-CSA-18227__2018-07-13__40b4d9cc46.wav,48000,1,46.798,1,0.0,14.25,14.25,0.0,9.25,-18.75,-23.05
-30.0,Boana_boans/Boana_boans__IAvH-CSA-18227__2018-07-13__40b4d9cc46.wav,48000,1,46.798,2,16.125,28.875,12.75,19.125,23.875,-22.03,-26.31
-30.0,Boana_boans/Boana_boans__IAvH-CSA-18227__2018-07-13__40b4d9cc46.wav,48000,1,46.798,3,31.75,40.25,8.5,34.75,35.25,-28.97,-29.21
-30.0,Boana_boans/Boana_boans__IAvH-CSA-18228__2018-07-13__acae70c181.wav,48000,1,170.759,1,0.0,8.25,8.25,0.0,3.25,-22.91,-27.17
-30.0,Boana_boans/Boana_boans__IAvH-CSA-18228__2018-07-13__acae70c181.wav,48000,1,170.759,2,29.0,37.5,8.5,32.0,32.5,-22.7,-24.77
-30.0,Boana_boans/Boana_boans__IAvH-CSA-18228__2018-07-13__acae70c181.wav,48000,1,170.759,3,43.125,58.5,15.375,46.125,53.5,-23.21,-25.72
-30.0,Boana_boans/Boana_boans__IAvH-CSA-18228__2018-07-13__acae70c181.wav,48000,1,170.759,4,63.125,88.0,24.875,66.125,83.0,-21.88,-24.46
-30.0,Boana_boans/Boana_boans__IAvH-CSA-18228__2018-07-13__acae70c181.wav,48000,1,170.759,5,93.125,101.625,8.5,96.125,96.625,-22.06,-24.13
-30.0,Boana_boans/Boana_boans__IAvH-CSA-18228__2018-07-13__acae70c181.wav,48000,1,170.759,6,104.0,164.0,60.0,107.0,164.0,-19.81,-23.78
-30.0,Boana_boans/Boana_boans__IAvH-CSA-18228__2018-07-13__acae70c181.wav,48000,1,170.759,7,164.0,170.759,6.759,164.0,167.875,-19.81,-23.78
-30.0,Boana_boans/Boana_boans__IAvH-CSA-34365__2017-02-16__c3095f3a81.wav,44100,1,118.238,1,0.0,60.0,60.0,2.875,56.495,-17.19,-22.18
-30.0,Boana_boans/Boana_boans__IAvH-CSA-34365__2017-02-16__c3095f3a81.wav,44100,1,118.238,2,60.0,61.495,1.495,60.0,56.495,-17.19,-22.18
-30.0,Boana_boans/Boana_boans__IAvH-CSA-34365__2017-02-16__c3095f3a81.wav,44100,1,118.238,3,64.744,118.238,53.494,67.744,118.114,-20.0,-24.45
-30.0,Boana_boans/Boana_boans__IAvH-CSA-34370__2017-02-17__799c1ced12.wav,44100,1,140.919,1,0.0,60.0,60.0,1.0,60.0,-12.15,-26.66
-30.0,Boana_boans/Boana_boans__IAvH-CSA-34370__2017-02-17__799c1ced12.wav,44100,1,140.919,2,60.0,107.366,47.366,60.0,102.366,-12.15,-26.66
-30.0,Boana_boans/Boana_boans__IAvH-CSA-34370__2017-02-17__799c1ced12.wav,44100,1,140.919,3,124.863,140.919,16.055,127.863,140.862,-21.05,-25.15
-30.0,Boana_boans/Boana_boans__IAvH-CSA-34371__2017-02-17__2b133bb592.wav,44100,1,179.956,1,18.873,27.498,8.625,21.873,22.498,-20.5,-24.25
-30.0,Boana_boans/Boana_boans__IAvH-CSA-34371__2017-02-17__2b133bb592.wav,44100,1,179.956,2,127.238,142.738,15.499,130.238,137.738,-23.65,-27.75
-30.0,Boana_boans/Boana_boans__IAvH-CSA-34371__2017-02-17__2b133bb592.wav,44100,1,179.956,3,142.987,179.956,36.97,145.987,179.859,-20.96,-25.12
-30.0,Boana_boans/Boana_boans__IAvH-CSA-34372__2017-02-18__0b85c638f3.wav,44100,1,215.96,1,166.61,189.733,23.124,169.61,184.733,-26.01,-27.95
-30.0,Boana_boans/Boana_boans__IAvH-CSA-34372__2017-02-18__0b85c638f3.wav,44100,1,215.96,2,192.607,215.96,23.353,195.607,214.856,-18.99,-25.37
-30.0,Boana_boans/Boana_boans__IAvH-CSA-34373__2017-02-18__23993116d1.wav,44100,1,180.888,1,0.625,9.25,8.625,3.625,4.25,-19.63,-23.77
-30.0,Boana_boans/Boana_boans__IAvH-CSA-34373__2017-02-18__23993116d1.wav,44100,1,180.888,2,62.619,77.993,15.374,65.619,72.993,-19.3,-24.01
-30.0,Boana_boans/Boana_boans__IAvH-CSA-34373__2017-02-18__23993116d1.wav,44100,1,180.888,3,83.117,91.867,8.75,86.117,86.867,-19.67,-25.25
-30.0,Boana_boans/Boana_boans__IAvH-CSA-34373__2017-02-18__23993116d1.wav,44100,1,180.888,4,115.864,175.864,60.0,118.864,175.864,-18.58,-24.9
-30.0,Boana_boans/Boana_boans__IAvH-CSA-34373__2017-02-18__23993116d1.wav,44100,1,180.888,5,175.864,180.888,5.024,175.864,180.484,-18.58,-24.9
-30.0,Boana_boans/Boana_boans__IAvH-CSA-34375__2017-03-04__15870aaabc.wav,44100,1,87.66,1,31.872,87.66,55.788,34.872,87.617,-3.97,-25.02
-30.0,Boana_boans/Boana_boans__IAvH-CSA-34384__2017-03-18__7aa72bbafe.wav,44100,1,107.776,1,0.0,60.0,60.0,0.875,60.0,-8.91,-22.34
-30.0,Boana_boans/Boana_boans__IAvH-CSA-34384__2017-03-18__7aa72bbafe.wav,44100,1,107.776,2,60.0,107.776,47.776,60.0,107.74,-8.91,-22.34
-30.0,Boana_platanera/Boana_platanera__IAvH-CSA-34265__2020-12-09__2e81e1c34e.wav,48000,1,63.851,1,0.875,60.875,60.0,3.875,60.875,-16.57,-23.46
-30.0,Boana_platanera/Boana_platanera__IAvH-CSA-34265__2020-12-09__2e81e1c34e.wav,48000,1,63.851,2,60.875,63.851,2.976,60.875,63.75,-16.57,-23.46
-30.0,Boana_platanera/Boana_platanera__IAvH-CSA-34268__2020-12-09__a27cebe8a1.wav,48000,1,93.641,1,13.125,73.125,60.0,16.125,73.125,-15.6,-23.2
-30.0,Boana_platanera/Boana_platanera__IAvH-CSA-34268__2020-12-09__a27cebe8a1.wav,48000,1,93.641,2,73.125,93.641,20.516,73.125,93.625,-15.6,-23.2
-30.0,Boana_platanera/Boana_platanera__IAvH-CSA-34272__2020-12-13__739a1eee81.wav,48000,1,70.2,1,1.25,61.25,60.0,4.25,61.25,-16.89,-24.08
-30.0,Boana_platanera/Boana_platanera__IAvH-CSA-34272__2020-12-13__739a1eee81.wav,48000,1,70.2,2,61.25,70.2,8.95,61.25,69.875,-16.89,-24.08
-30.0,Boana_pugnax/Boana_pugnax__IAvH-CSA-18216__2018-07-11__2bd61197ca.wav,48000,1,97.322,1,0.0,8.25,8.25,0.0,3.25,-22.91,-26.49
-30.0,Boana_pugnax/Boana_pugnax__IAvH-CSA-18216__2018-07-11__2bd61197ca.wav,48000,1,97.322,2,20.875,29.375,8.5,23.875,24.375,-22.01,-23.95
-30.0,Boana_pugnax/Boana_pugnax__IAvH-CSA-18216__2018-07-11__2bd61197ca.wav,48000,1,97.322,3,41.0,49.5,8.5,44.0,44.5,-20.48,-22.33
-30.0,Boana_pugnax/Boana_pugnax__IAvH-CSA-18216__2018-07-11__2bd61197ca.wav,48000,1,97.322,4,49.625,58.125,8.5,52.625,53.125,-14.93,-16.93
-30.0,Boana_pugnax/Boana_pugnax__IAvH-CSA-18216__2018-07-11__2bd61197ca.wav,48000,1,97.322,5,62.875,76.5,13.625,65.875,71.5,-22.57,-26.85
-30.0,Boana_pugnax/Boana_pugnax__IAvH-CSA-18216__2018-07-11__2bd61197ca.wav,48000,1,97.322,6,79.625,96.625,17.0,82.625,91.625,-24.85,-26.86
-30.0,Boana_pugnax/Boana_pugnax__IAvH-CSA-18219__2018-07-13__af42e9a9c1.wav,48000,1,59.849,1,0.0,26.0,26.0,0.0,21.0,-11.9,-27.32
-30.0,Boana_pugnax/Boana_pugnax__IAvH-CSA-18219__2018-07-13__af42e9a9c1.wav,48000,1,59.849,2,48.125,59.849,11.724,51.125,56.5,-24.34,-27.18
-30.0,Boana_pugnax/Boana_pugnax__IAvH-CSA-18220__2018-07-14__7a58bed0d0.wav,48000,1,124.294,1,0.0,8.125,8.125,0.0,3.125,-22.91,-25.78
-30.0,Boana_pugnax/Boana_pugnax__IAvH-CSA-18220__2018-07-14__7a58bed0d0.wav,48000,1,124.294,2,22.375,31.0,8.625,25.375,26.0,-24.26,-25.99
-30.0,Boana_pugnax/Boana_pugnax__IAvH-CSA-18220__2018-07-14__7a58bed0d0.wav,48000,1,124.294,3,42.25,53.25,11.0,45.25,48.25,-23.74,-26.72
-30.0,Boana_pugnax/Boana_pugnax__IAvH-CSA-18220__2018-07-14__7a58bed0d0.wav,48000,1,124.294,4,62.375,70.875,8.5,65.375,65.875,-19.46,-22.94
-30.0,Boana_pugnax/Boana_pugnax__IAvH-CSA-18220__2018-07-14__7a58bed0d0.wav,48000,1,124.294,5,101.375,123.5,22.125,104.375,118.5,-16.82,-24.54
-30.0,Boana_pugnax/Boana_pugnax__IAvH-CSA-18223__2018-07-13__110bbb9445.wav,48000,1,76.956,1,0.0,8.125,8.125,0.0,3.125,-21.83,-25.03
-30.0,Boana_pugnax/Boana_pugnax__IAvH-CSA-18223__2018-07-13__110bbb9445.wav,48000,1,76.956,2,15.75,30.875,15.125,18.75,25.875,-26.51,-28.07
-30.0,Boana_pugnax/Boana_pugnax__IAvH-CSA-18223__2018-07-13__110bbb9445.wav,48000,1,76.956,3,44.5,63.625,19.125,47.5,58.625,-25.1,-27.36
-30.0,Boana_pugnax/Boana_pugnax__IAvH-CSA-18223__2018-07-13__110bbb9445.wav,48000,1,76.956,4,68.125,76.625,8.5,71.125,71.625,-24.58,-26.52
-30.0,Boana_pugnax/Boana_pugnax__IAvH-CSA-18233__2018-07-17__b59796ba2a.wav,48000,1,78.273,1,0.0,8.25,8.25,0.0,3.25,-21.94,-24.75
-30.0,Boana_pugnax/Boana_pugnax__IAvH-CSA-18233__2018-07-17__b59796ba2a.wav,48000,1,78.273,2,12.875,21.375,8.5,15.875,16.375,-24.04,-26.15
-30.0,Boana_pugnax/Boana_pugnax__IAvH-CSA-18233__2018-07-17__b59796ba2a.wav,48000,1,78.273,3,35.875,75.375,39.5,38.875,70.375,-20.17,-25.24
-30.0,Boana_pugnax/Boana_pugnax__IAvH-CSA-18278__2018-07-08__184ecce2c5.wav,44100,1,70.466,1,0.0,60.0,60.0,1.0,60.0,-16.53,-25.78
-30.0,Boana_pugnax/Boana_pugnax__IAvH-CSA-18278__2018-07-08__184ecce2c5.wav,44100,1,70.466,2,60.0,70.466,10.466,60.0,68.244,-16.53,-25.78
-30.0,Boana_pugnax/Boana_pugnax__IAvH-CSA-18280__2018-07-08__64402d2f33.wav,48000,1,263.016,1,0.0,10.375,10.375,1.0,5.375,-20.59,-24.52
-30.0,Boana_pugnax/Boana_pugnax__IAvH-CSA-18280__2018-07-08__64402d2f33.wav,48000,1,263.016,2,14.75,74.75,60.0,17.75,74.75,-16.51,-22.75
-30.0,Boana_pugnax/Boana_pugnax__IAvH-CSA-18280__2018-07-08__64402d2f33.wav,48000,1,263.016,3,74.75,107.25,32.5,74.75,102.25,-16.51,-22.75
-30.0,Boana_pugnax/Boana_pugnax__IAvH-CSA-18280__2018-07-08__64402d2f33.wav,48000,1,263.016,4,109.75,149.875,40.125,112.75,144.875,-16.47,-22.13
-30.0,Boana_pugnax/Boana_pugnax__IAvH-CSA-18280__2018-07-08__64402d2f33.wav,48000,1,263.016,5,151.75,171.25,19.5,154.75,166.25,-19.54,-24.02
-30.0,Boana_pugnax/Boana_pugnax__IAvH-CSA-18280__2018-07-08__64402d2f33.wav,48000,1,263.016,6,175.625,208.125,32.5,178.625,203.125,-19.55,-27.11
-30.0,Boana_pugnax/Boana_pugnax__IAvH-CSA-18280__2018-07-08__64402d2f33.wav,48000,1,263.016,7,228.5,237.0,8.5,231.5,232.0,-25.48,-27.08
-30.0,Boana_pugnax/Boana_pugnax__IAvH-CSA-18280__2018-07-08__64402d2f33.wav,48000,1,263.016,8,240.625,249.125,8.5,243.625,244.125,-23.82,-25.35
-30.0,Boana_pugnax/Boana_pugnax__IAvH-CSA-18280__2018-07-08__64402d2f33.wav,48000,1,263.016,9,249.375,263.016,13.641,252.375,261.125,-20.43,-26.72
-30.0,Boana_pugnax/Boana_pugnax__IAvH-CSA-20267__2020-01-18__09bb28d64c.wav,44100,1,123.931,1,0.0,60.0,60.0,0.875,60.0,-11.64,-23.48
-30.0,Boana_pugnax/Boana_pugnax__IAvH-CSA-20267__2020-01-18__09bb28d64c.wav,44100,1,123.931,2,60.0,120.0,60.0,60.0,120.0,-11.64,-23.48
-30.0,Boana_pugnax/Boana_pugnax__IAvH-CSA-20267__2020-01-18__09bb28d64c.wav,44100,1,123.931,3,120.0,123.931,3.931,120.0,123.864,-11.64,-23.48
-30.0,Boana_pugnax/Boana_pugnax__IAvH-CSA-20273__2020-10-31__539cd7d016.wav,48000,1,103.558,1,0.0,60.0,60.0,0.875,60.0,-13.9,-23.19
-30.0,Boana_pugnax/Boana_pugnax__IAvH-CSA-20273__2020-10-31__539cd7d016.wav,48000,1,103.558,2,60.0,103.558,43.558,60.0,103.375,-13.9,-23.19
-30.0,Boana_rosenbergi/Boana_rosenbergi__IAvH-CSA-20268__2020-01-22__8eca0d45a2.wav,44100,1,116.381,1,0.0,60.0,60.0,0.875,60.0,-16.15,-23.3
-30.0,Boana_rosenbergi/Boana_rosenbergi__IAvH-CSA-20268__2020-01-22__8eca0d45a2.wav,44100,1,116.381,2,60.0,116.381,56.381,60.0,116.364,-16.15,-23.3
-30.0,Centrolene_antioquiense/Centrolene_antioquiense__IAvH-CSA-01448__2017-09-17__59d1a3fbf9.wav,44100,1,358.8,1,351.843,358.8,6.957,354.843,358.218,-20.4,-24.82
-30.0,Centrolene_antioquiense/Centrolene_antioquiense__IAvH-CSA-01449__2017-09-17__92d6b18be0.wav,44100,1,429.199,1,421.711,429.199,7.487,424.711,428.211,-20.37,-24.77
-30.0,Centrolene_huilensis/Centrolene_huilensis__IAvH-CSA-34233__2018-05-03__0ca2984392.wav,44100,1,78.701,1,0.0,10.0,10.0,0.0,5.0,-19.92,-25.1
-30.0,Centrolene_huilensis/Centrolene_huilensis__IAvH-CSA-34233__2018-05-03__0ca2984392.wav,44100,1,78.701,2,40.746,78.701,37.955,43.746,75.743,-22.0,-28.21
-30.0,Centrolene_huilensis/Centrolene_huilensis__IAvH-CSA-34234__2018-05-04__96f1ee324f.wav,44100,1,97.714,1,0.0,39.747,39.747,0.0,34.747,-19.92,-27.36
-30.0,Centrolene_huilensis/Centrolene_huilensis__IAvH-CSA-34234__2018-05-04__96f1ee324f.wav,44100,1,97.714,2,81.367,97.714,16.346,84.367,94.741,-25.89,-28.85
-30.0,Centrolene_huilensis/Centrolene_huilensis__IAvH-CSA-34235__2018-05-04__6f157a62b5.wav,44100,1,76.817,1,0.0,10.0,10.0,0.0,5.0,-19.92,-24.19
-30.0,Centrolene_huilensis/Centrolene_huilensis__IAvH-CSA-34235__2018-05-04__6f157a62b5.wav,44100,1,76.817,2,37.246,76.817,39.57,40.246,73.868,-24.93,-28.38
-30.0,Centrolene_huilensis/Centrolene_huilensis__IAvH-CSA-34236__2018-05-05__ad414d86f3.wav,44100,1,82.085,1,0.0,9.875,9.875,0.0,4.875,-19.92,-24.73
-30.0,Centrolene_huilensis/Centrolene_huilensis__IAvH-CSA-34236__2018-05-05__ad414d86f3.wav,44100,1,82.085,2,38.871,82.085,43.214,41.871,78.993,-20.77,-28.37
-30.0,Centrolene_huilensis/Centrolene_huilensis__IAvH-CSA-34237__2018-05-04__5a0d7ffb3c.wav,44100,1,80.267,1,0.0,10.0,10.0,0.0,5.0,-19.92,-25.09
-30.0,Centrolene_huilensis/Centrolene_huilensis__IAvH-CSA-34237__2018-05-04__5a0d7ffb3c.wav,44100,1,80.267,2,18.373,26.998,8.625,21.373,21.998,-22.29,-25.27
-30.0,Centrolene_huilensis/Centrolene_huilensis__IAvH-CSA-34237__2018-05-04__5a0d7ffb3c.wav,44100,1,80.267,3,27.997,42.372,14.374,30.997,37.372,-20.47,-25.97
-30.0,Centrolene_huilensis/Centrolene_huilensis__IAvH-CSA-34237__2018-05-04__5a0d7ffb3c.wav,44100,1,80.267,4,42.871,80.267,37.396,45.871,77.243,-22.42,-28.34
-30.0,Centrolene_quindianum/Centrolene_quindianum__IAvH-CSA-18012__2015-10-01__686bb18ede.wav,44100,1,11.434,1,0.0,11.434,11.434,0.0,9.874,-12.99,-24.07
-30.0,Centrolene_quindianum/Centrolene_quindianum__IAvH-CSA-18013__2015-10-01__7dbf36df85.wav,44100,1,71.243,1,0.0,7.75,7.75,0.0,2.75,-22.5,-25.98
-30.0,Centrolene_quindianum/Centrolene_quindianum__IAvH-CSA-18013__2015-10-01__7dbf36df85.wav,44100,1,71.243,2,26.122,34.747,8.625,29.122,29.747,-17.96,-20.29
-30.0,Centrolene_quindianum/Centrolene_quindianum__IAvH-CSA-18013__2015-10-01__7dbf36df85.wav,44100,1,71.243,3,40.871,49.496,8.625,43.871,44.496,-17.9,-19.92
-30.0,Centrolene_quindianum/Centrolene_quindianum__IAvH-CSA-18013__2015-10-01__7dbf36df85.wav,44100,1,71.243,4,54.995,63.62,8.625,57.995,58.62,-21.93,-23.6
-30.0,Centrolene_quindianum/Centrolene_quindianum__IAvH-CSA-18013__2015-10-01__7dbf36df85.wav,44100,1,71.243,5,66.619,71.243,4.625,69.619,70.244,-22.66,-23.98
-30.0,Centrolene_quindianum/Centrolene_quindianum__IAvH-CSA-18014__2015-10-01__c004b783e2.wav,44100,1,74.742,1,0.0,7.875,7.875,0.0,2.875,-23.22,-26.58
-30.0,Centrolene_quindianum/Centrolene_quindianum__IAvH-CSA-18014__2015-10-01__c004b783e2.wav,44100,1,74.742,2,29.497,38.122,8.625,32.497,33.122,-25.28,-27.2
-30.0,Centrolene_quindianum/Centrolene_quindianum__IAvH-CSA-18014__2015-10-01__c004b783e2.wav,44100,1,74.742,3,56.62,65.245,8.625,59.62,60.245,-24.34,-26.59
-30.0,Centrolene_quindianum/Centrolene_quindianum__IAvH-CSA-18014__2015-10-01__c004b783e2.wav,44100,1,74.742,4,67.869,74.742,6.874,70.869,71.494,-20.93,-23.26
-30.0,Centrolene_quindianum/Centrolene_quindianum__IAvH-CSA-18015__2015-10-01__62506f7cfa.wav,44100,1,106.815,1,0.0,18.124,18.124,0.0,13.124,-22.67,-27.02
-30.0,Centrolene_quindianum/Centrolene_quindianum__IAvH-CSA-18016__2015-10-01__eba029801e.wav,44100,1,46.581,1,0.0,7.875,7.875,0.0,2.875,-23.22,-26.51
-30.0,Centrolene_quindianum/Centrolene_quindianum__IAvH-CSA-18016__2015-10-01__eba029801e.wav,44100,1,46.581,2,25.622,34.247,8.625,28.622,29.247,-23.65,-25.96
-30.0,Centrolene_quindianum/Centrolene_quindianum__IAvH-CSA-18016__2015-10-01__eba029801e.wav,44100,1,46.581,3,38.371,46.581,8.21,41.371,41.996,-19.89,-22.41
-30.0,Centrolene_robledoi/Centrolene_robledoi__IAvH-CSA-01453__2016-11-26__eefa37e609.wav,44100,1,252.527,1,75.868,84.493,8.625,78.868,79.493,-27.37,-28.56
-30.0,Centrolene_robledoi/Centrolene_robledoi__IAvH-CSA-01453__2016-11-26__eefa37e609.wav,44100,1,252.527,2,98.491,107.366,8.875,101.491,102.366,-20.72,-24.97
-30.0,Centrolene_robledoi/Centrolene_robledoi__IAvH-CSA-01453__2016-11-26__eefa37e609.wav,44100,1,252.527,3,201.606,210.231,8.625,204.606,205.231,-27.11,-28.31
-30.0,Centrolene_robledoi/Centrolene_robledoi__IAvH-CSA-01453__2016-11-26__eefa37e609.wav,44100,1,252.527,4,224.229,233.104,8.875,227.229,228.104,-20.85,-24.79
-30.0,Centrolene_robledoi/Centrolene_robledoi__IAvH-CSA-01453__2016-11-26__eefa37e609.wav,44100,1,252.527,5,245.102,252.527,7.424,248.102,251.727,-20.57,-25.26
-30.0,Ceratophrys_calcarata/Ceratophrys_calcarata__IAvH-CSA-20338__2022-04-03__1c3d0df194.wav,44100,1,98.489,1,0.0,60.0,60.0,1.625,60.0,-11.16,-21.2
-30.0,Ceratophrys_calcarata/Ceratophrys_calcarata__IAvH-CSA-20338__2022-04-03__1c3d0df194.wav,44100,1,98.489,2,60.0,98.489,38.489,60.0,98.366,-11.16,-21.2
-30.0,Ceratophrys_calcarata/Ceratophrys_calcarata__IAvH-CSA-20339__2022-04-16__ee94426bf7.wav,44100,1,125.693,1,0.0,60.0,60.0,1.0,60.0,-12.43,-21.79
-30.0,Ceratophrys_calcarata/Ceratophrys_calcarata__IAvH-CSA-20339__2022-04-16__ee94426bf7.wav,44100,1,125.693,2,60.0,120.0,60.0,60.0,120.0,-12.43,-21.79
-30.0,Ceratophrys_calcarata/Ceratophrys_calcarata__IAvH-CSA-20339__2022-04-16__ee94426bf7.wav,44100,1,125.693,3,120.0,125.693,5.693,120.0,125.614,-12.43,-21.79
-30.0,Ceratophrys_calcarata/Ceratophrys_calcarata__IAvH-CSA-20340__2022-04-16__ada09162cd.wav,44100,1,107.434,1,0.0,60.0,60.0,0.875,60.0,-12.39,-21.55
-30.0,Ceratophrys_calcarata/Ceratophrys_calcarata__IAvH-CSA-20340__2022-04-16__ada09162cd.wav,44100,1,107.434,2,60.0,107.434,47.434,60.0,107.365,-12.39,-21.55
-30.0,Ceratophrys_calcarata/Ceratophrys_calcarata__IAvH-CSA-20341__2022-04-16__f6e2dc3414.wav,44100,1,104.212,1,0.0,60.0,60.0,1.0,60.0,-11.92,-22.13
-30.0,Ceratophrys_calcarata/Ceratophrys_calcarata__IAvH-CSA-20341__2022-04-16__f6e2dc3414.wav,44100,1,104.212,2,60.0,104.212,44.212,60.0,104.116,-11.92,-22.13
-30.0,Ceratophrys_calcarata/Ceratophrys_calcarata__IAvH-CSA-20342__2022-04-16__2e524b4c87.wav,44100,1,111.5,1,0.0,60.0,60.0,1.5,60.0,-12.84,-22.15
-30.0,Ceratophrys_calcarata/Ceratophrys_calcarata__IAvH-CSA-20342__2022-04-16__2e524b4c87.wav,44100,1,111.5,2,60.0,111.5,51.5,60.0,111.24,-12.84,-22.15
-30.0,Ceratophrys_calcarata/Ceratophrys_calcarata__IAvH-CSA-20343__2022-04-16__5a44d8aa36.wav,44100,1,110.192,1,0.0,60.0,60.0,0.875,60.0,-10.05,-22.74
-30.0,Ceratophrys_calcarata/Ceratophrys_calcarata__IAvH-CSA-20343__2022-04-16__5a44d8aa36.wav,44100,1,110.192,2,60.0,110.192,50.192,60.0,110.115,-10.05,-22.74
-30.0,Ceratophrys_calcarata/Ceratophrys_calcarata__IAvH-CSA-20344__2022-04-16__603c67deb6.wav,44100,1,117.278,1,0.0,60.0,60.0,0.875,60.0,-9.41,-21.86
-30.0,Ceratophrys_calcarata/Ceratophrys_calcarata__IAvH-CSA-20344__2022-04-16__603c67deb6.wav,44100,1,117.278,2,60.0,117.278,57.278,60.0,117.239,-9.41,-21.86
-30.0,Dendropsophus_molitor/Dendropsophus_molitor__IAvH-CSA-00690__2018-08-05__93bf7dc9be.wav,48000,1,169.817,1,1.0,11.875,10.875,4.0,6.875,-19.46,-23.04
-30.0,Dendropsophus_molitor/Dendropsophus_molitor__IAvH-CSA-00690__2018-08-05__93bf7dc9be.wav,48000,1,169.817,2,20.125,31.125,11.0,23.125,26.125,-18.2,-22.61
-30.0,Dendropsophus_molitor/Dendropsophus_molitor__IAvH-CSA-00690__2018-08-05__93bf7dc9be.wav,48000,1,169.817,3,42.75,53.625,10.875,45.75,48.625,-19.07,-22.92
-30.0,Dendropsophus_molitor/Dendropsophus_molitor__IAvH-CSA-00690__2018-08-05__93bf7dc9be.wav,48000,1,169.817,4,58.25,105.875,47.625,61.25,100.875,-17.47,-24.8
-30.0,Dendropsophus_molitor/Dendropsophus_molitor__IAvH-CSA-00690__2018-08-05__93bf7dc9be.wav,48000,1,169.817,5,109.125,153.0,43.875,112.125,148.0,-16.91,-28.82
-30.0,Dendropsophus_molitor/Dendropsophus_molitor__IAvH-CSA-00690__2018-08-05__93bf7dc9be.wav,48000,1,169.817,6,154.375,169.817,15.442,157.375,169.75,-19.19,-24.27
-30.0,Dendropsophus_molitor/Dendropsophus_molitor__IAvH-CSA-09325__2019-03-03__1ff7ae5653.wav,48000,1,127.716,1,0.0,60.0,60.0,1.0,60.0,-14.42,-26.45
-30.0,Dendropsophus_molitor/Dendropsophus_molitor__IAvH-CSA-09325__2019-03-03__1ff7ae5653.wav,48000,1,127.716,2,60.0,102.375,42.375,60.0,97.375,-14.42,-26.45
-30.0,Dendropsophus_molitor/Dendropsophus_molitor__IAvH-CSA-11023__2000-01-09__c3ee3eb5cf.wav,44100,2,165.92,1,7.499,16.124,8.625,10.499,11.124,-21.9,-25.13
-30.0,Dendropsophus_molitor/Dendropsophus_molitor__IAvH-CSA-11023__2000-01-09__c3ee3eb5cf.wav,44100,2,165.92,2,112.24,165.92,53.68,115.24,162.61,-15.41,-22.03
-30.0,Dendropsophus_molitor/Dendropsophus_molitor__IAvH-CSA-11074__2000-01-13__961980ffe5.wav,44100,2,201.373,1,116.614,128.864,12.25,119.614,123.864,-27.25,-28.65
-30.0,Dendropsophus_molitor/Dendropsophus_molitor__IAvH-CSA-11074__2000-01-13__961980ffe5.wav,44100,2,201.373,2,129.988,158.736,28.748,132.988,153.736,-24.77,-27.5
-30.0,Dendropsophus_molitor/Dendropsophus_molitor__IAvH-CSA-11074__2000-01-13__961980ffe5.wav,44100,2,201.373,3,187.733,200.857,13.125,190.733,195.857,-23.65,-27.09
-30.0,Leucostethus_fraterdanieli/Leucostethus_fraterdanieli__IAvH-CSA-18683__2018-09-02__938c2bc13a.wav,44100,1,11.359,1,0.0,11.359,11.359,1.0,10.374,-18.22,-23.22
-30.0,Phyllobates_bicolor/Phyllobates_bicolor__IAvH-CSA-34257__2018-07-01__80fa5b27a1.wav,44100,1,8.936,1,0.0,8.936,8.936,0.0,5.0,-19.9,-25.12
-25.0,Allobates_cepedai/Allobates_cepedai__IAvH-CSA-15981__2014-05-13__cf0f2093d1.wav,44100,1,222.359,1,0.0,48.371,48.371,0.0,43.371,-15.62,-18.13
-25.0,Allobates_cepedai/Allobates_cepedai__IAvH-CSA-15981__2014-05-13__cf0f2093d1.wav,44100,1,222.359,2,63.744,123.744,60.0,66.744,123.744,-16.12,-18.28
-25.0,Allobates_cepedai/Allobates_cepedai__IAvH-CSA-15981__2014-05-13__cf0f2093d1.wav,44100,1,222.359,3,123.744,183.744,60.0,123.744,183.483,-16.12,-18.28
-25.0,Allobates_cepedai/Allobates_cepedai__IAvH-CSA-15981__2014-05-13__cf0f2093d1.wav,44100,1,222.359,4,183.744,188.483,4.739,183.744,183.483,-16.12,-18.28
-25.0,Allobates_niputidea/Allobates_niputidea__IAvH-CSA-18222__2018-07-13__df646a755f.wav,48000,1,100.388,1,10.375,32.75,22.375,13.375,27.75,-18.45,-21.14
-25.0,Allobates_niputidea/Allobates_niputidea__IAvH-CSA-18222__2018-07-13__df646a755f.wav,48000,1,100.388,2,83.875,94.375,10.5,86.875,89.375,-17.91,-21.53
-25.0,Andinobates_daleswansoni/Andinobates_daleswansoni__IAvH-CSA-18534__2017-08-06__6ae3645d76.wav,44100,1,103.164,1,0.125,10.874,10.75,3.125,5.874,-20.46,-23.03
-25.0,Andinobates_daleswansoni/Andinobates_daleswansoni__IAvH-CSA-18535__2017-08-06__44c5549d78.wav,44100,1,103.775,1,0.125,10.874,10.75,3.125,5.874,-20.96,-23.26
-25.0,Andinobates_daleswansoni/Andinobates_daleswansoni__IAvH-CSA-18536__2017-09-13__debbd04657.wav,44100,1,210.833,1,0.125,8.75,8.625,3.125,3.75,-22.43,-23.65
-25.0,Andinobates_daleswansoni/Andinobates_daleswansoni__IAvH-CSA-18536__2017-09-13__debbd04657.wav,44100,1,210.833,2,184.858,194.608,9.75,187.858,189.608,-23.68,-24.05
-25.0,Andinobates_daleswansoni/Andinobates_daleswansoni__IAvH-CSA-18536__2017-09-13__debbd04657.wav,44100,1,210.833,3,204.981,210.833,5.852,207.981,208.856,-23.65,-24.16
-25.0,Andinobates_daleswansoni/Andinobates_daleswansoni__IAvH-CSA-18537__2017-09-13__161164b5c4.wav,44100,1,198.214,1,0.125,8.75,8.625,3.125,3.75,-22.43,-23.65
-25.0,Andinobates_daleswansoni/Andinobates_daleswansoni__IAvH-CSA-18538__2017-09-13__ea817d6aa3.wav,44100,1,107.874,1,0.125,10.75,10.625,3.125,5.75,-22.21,-23.67
-25.0,Andinobates_daleswansoni/Andinobates_daleswansoni__IAvH-CSA-18539__2017-09-16__286bd51ef7.wav,44100,1,84.132,1,0.125,8.75,8.625,3.125,3.75,-22.43,-23.65
-25.0,Andinobates_daleswansoni/Andinobates_daleswansoni__IAvH-CSA-18539__2017-09-16__286bd51ef7.wav,44100,1,84.132,2,11.499,71.499,60.0,14.499,71.499,-20.67,-22.14
-25.0,Andinobates_daleswansoni/Andinobates_daleswansoni__IAvH-CSA-18539__2017-09-16__286bd51ef7.wav,44100,1,84.132,3,71.499,84.132,12.633,71.499,82.868,-20.67,-22.14
-25.0,Andinobates_daleswansoni/Andinobates_daleswansoni__IAvH-CSA-18540__2017-09-18__e54d014911.wav,44100,1,178.089,1,0.125,10.125,10.0,3.125,5.125,-20.42,-22.99
-25.0,Andinobates_daleswansoni/Andinobates_daleswansoni__IAvH-CSA-18540__2017-09-18__e54d014911.wav,44100,1,178.089,2,117.989,128.239,10.25,120.989,123.239,-19.43,-20.61
-25.0,Andinobates_daleswansoni/Andinobates_daleswansoni__IAvH-CSA-18540__2017-09-18__e54d014911.wav,44100,1,178.089,3,150.236,160.111,9.875,153.236,155.111,-21.95,-22.79
-25.0,Andinobates_daleswansoni/Andinobates_daleswansoni__IAvH-CSA-18540__2017-09-18__e54d014911.wav,44100,1,178.089,4,171.484,178.089,6.605,174.484,175.609,-23.55,-24.33
-25.0,Andinobates_daleswansoni/Andinobates_daleswansoni__IAvH-CSA-18541__2017-09-19__ee5a77bdce.wav,44100,1,27.516,1,0.125,10.625,10.5,3.125,5.625,-20.42,-23.17
-25.0,Andinobates_daleswansoni/Andinobates_daleswansoni__IAvH-CSA-18541__2017-09-19__ee5a77bdce.wav,44100,1,27.516,2,18.623,27.516,8.893,21.623,22.748,-22.05,-23.72
-25.0,Andinobates_daleswansoni/Andinobates_daleswansoni__IAvH-CSA-18542__2017-09-19__89e6055611.wav,44100,1,117.064,1,0.125,10.125,10.0,3.125,5.125,-20.42,-22.99
-25.0,Andinobates_daleswansoni/Andinobates_daleswansoni__IAvH-CSA-18543__2017-09-19__b3d6c050b8.wav,44100,1,136.43,1,0.125,10.625,10.5,3.125,5.625,-20.42,-23.1
-25.0,Anura/Anura__IAvH-CSA-00584__1999-09-26__5ef3022e04.wav,44100,1,230.922,1,24.498,84.498,60.0,27.498,84.498,-17.92,-24.19
-25.0,Anura/Anura__IAvH-CSA-00584__1999-09-26__5ef3022e04.wav,44100,1,230.922,2,84.498,114.24,29.743,84.498,109.24,-17.92,-24.19
-25.0,Anura/Anura__IAvH-CSA-11075__2000-01-14__20585d4b3e.wav,44100,2,339.106,1,51.745,62.37,10.625,54.745,57.37,-16.59,-21.23
-25.0,Anura/Anura__IAvH-CSA-11075__2000-01-14__20585d4b3e.wav,44100,2,339.106,2,187.358,196.108,8.75,190.358,191.108,-21.3,-23.23
-25.0,Anura/Anura__IAvH-CSA-11075__2000-01-14__20585d4b3e.wav,44100,2,339.106,3,280.099,339.106,59.007,283.099,336.095,-14.12,-19.92
-25.0,Anura/Anura__IAvH-CSA-14963__2018-10-17__1b316eabe0.wav,96000,1,41.131,1,1.25,24.75,23.5,4.25,19.75,-20.05,-23.92
-25.0,Anura/Anura__IAvH-CSA-18685__2018-11-05__6382842737.wav,44100,1,960.946,1,0.0,9.375,9.375,2.25,4.375,-22.16,-23.59
-25.0,Anura/Anura__IAvH-CSA-20100__2018-09-15__b808728e3d.wav,44100,1,365.306,1,19.498,28.873,9.375,22.498,23.873,-23.35,-24.21
-25.0,Anura/Anura__IAvH-CSA-20100__2018-09-15__b808728e3d.wav,44100,1,365.306,2,79.493,101.116,21.624,82.493,96.116,-21.75,-24.37
-25.0,Anura/Anura__IAvH-CSA-20100__2018-09-15__b808728e3d.wav,44100,1,365.306,3,106.49,115.365,8.875,109.49,110.365,-24.6,-24.8
-25.0,Anura/Anura__IAvH-CSA-20100__2018-09-15__b808728e3d.wav,44100,1,365.306,4,120.239,149.737,29.498,123.239,144.737,-19.52,-23.91
-25.0,Anura/Anura__IAvH-CSA-20100__2018-09-15__b808728e3d.wav,44100,1,365.306,5,152.361,169.735,17.374,155.361,164.735,-23.45,-24.49
-25.0,Anura/Anura__IAvH-CSA-20100__2018-09-15__b808728e3d.wav,44100,1,365.306,6,172.609,206.732,34.123,175.609,201.732,-19.01,-24.17
-25.0,Anura/Anura__IAvH-CSA-20100__2018-09-15__b808728e3d.wav,44100,1,365.306,7,213.73,271.976,58.245,216.73,266.976,-21.58,-24.35
-25.0,Anura/Anura__IAvH-CSA-20100__2018-09-15__b808728e3d.wav,44100,1,365.306,8,272.6,287.099,14.499,275.6,282.099,-22.61,-24.0
-25.0,Anura/Anura__IAvH-CSA-20100__2018-09-15__b808728e3d.wav,44100,1,365.306,9,288.599,297.349,8.75,291.599,292.349,-23.53,-24.15
-25.0,Anura/Anura__IAvH-CSA-20100__2018-09-15__b808728e3d.wav,44100,1,365.306,10,298.348,358.348,60.0,301.348,358.348,-15.96,-22.42
-25.0,Anura/Anura__IAvH-CSA-20100__2018-09-15__b808728e3d.wav,44100,1,365.306,11,358.348,365.306,6.959,358.348,364.217,-15.96,-22.42
-25.0,Anura/Anura__IAvH-CSA-20101__2018-09-18__7fc682eee7.wav,44100,1,43.298,1,4.999,43.298,38.298,7.999,42.371,-10.97,-21.6
-25.0,Anura/Anura__IAvH-CSA-20102__2018-09-18__def61d4a5a.wav,44100,1,84.674,1,5.374,65.374,60.0,8.374,65.374,-10.15,-21.31
-25.0,Anura/Anura__IAvH-CSA-20102__2018-09-18__def61d4a5a.wav,44100,1,84.674,2,65.374,84.674,19.299,65.374,83.867,-10.15,-21.31
-25.0,Anura/Anura__IAvH-CSA-20104__2018-09-18__0b2eb88bca.wav,44100,1,79.374,1,1.25,9.875,8.625,4.25,4.875,-20.06,-22.27
-25.0,Anura/Anura__IAvH-CSA-20106__2018-09-18__191869cfc0.wav,44100,1,46.063,1,6.374,46.063,39.689,9.374,42.621,-12.11,-19.74
-25.0,Anura/Anura__IAvH-CSA-20302__2022-07-28__f543d5605f.wav,48000,1,135.915,1,0.0,60.0,60.0,0.875,60.0,-19.02,-23.79
-25.0,Anura/Anura__IAvH-CSA-20302__2022-07-28__f543d5605f.wav,48000,1,135.915,2,60.0,110.625,50.625,60.0,105.625,-19.02,-23.79
-25.0,Anura/Anura__IAvH-CSA-20302__2022-07-28__f543d5605f.wav,48000,1,135.915,3,127.625,135.915,8.29,130.625,135.625,-17.33,-20.13
-25.0,Anura/Anura__IAvH-CSA-34377__2017-03-07__2ff3753b5b.wav,44100,1,85.686,1,1.375,61.375,60.0,4.375,56.995,-11.86,-21.59
-25.0,Anura/Anura__IAvH-CSA-34377__2017-03-07__2ff3753b5b.wav,44100,1,85.686,2,61.375,61.995,0.62,61.375,56.995,-11.86,-21.59
-25.0,Anura/Anura__IAvH-CSA-34377__2017-03-07__2ff3753b5b.wav,44100,1,85.686,3,63.369,85.686,22.317,66.369,82.743,-18.42,-21.48
-25.0,Anura/Anura__IAvH-CSA-34379__2017-03-08__939acb1050.wav,44100,1,61.006,1,0.0,47.996,47.996,0.875,42.996,-11.83,-21.8
-25.0,Anura/Anura__IAvH-CSA-34379__2017-03-08__939acb1050.wav,44100,1,61.006,2,54.37,61.006,6.636,57.37,60.87,-18.09,-21.5
-25.0,Atelopus_ardila/Atelopus_ardila__IAvH-CSA-15997____c09b25bc39.wav,44100,1,101.132,1,54.37,65.62,11.25,57.37,60.62,-22.94,-24.32
-25.0,Atelopus_ardila/Atelopus_ardila__IAvH-CSA-15997____c09b25bc39.wav,44100,1,101.132,2,68.119,81.868,13.75,71.119,76.868,-21.63,-23.49
-25.0,Atelopus_ardila/Atelopus_ardila__IAvH-CSA-15997____c09b25bc39.wav,44100,1,101.132,3,86.242,101.132,14.89,89.242,97.366,-17.0,-22.93
-25.0,Atelopus_laetissimus/Atelopus_laetissimus__IAvH-CSA-34148__2018-06-30__6da0e1e593.wav,44100,1,49.393,1,0.0,10.0,10.0,2.625,5.0,-20.1,-23.12
-25.0,Atelopus_laetissimus/Atelopus_laetissimus__IAvH-CSA-34148__2018-06-30__6da0e1e593.wav,44100,1,49.393,2,12.124,20.999,8.875,15.124,15.999,-15.58,-18.08
-25.0,Atelopus_laetissimus/Atelopus_laetissimus__IAvH-CSA-34148__2018-06-30__6da0e1e593.wav,44100,1,49.393,3,21.373,38.122,16.749,24.373,33.122,-17.76,-22.76
-25.0,Atelopus_laetissimus/Atelopus_laetissimus__IAvH-CSA-34148__2018-06-30__6da0e1e593.wav,44100,1,49.393,4,41.496,49.393,7.897,44.496,46.996,-16.36,-21.6
-25.0,Atelopus_laetissimus/Atelopus_laetissimus__IAvH-CSA-34149__2018-06-30__8e2e8bc752.wav,44100,1,61.795,1,0.0,55.995,55.995,2.625,50.995,-7.45,-20.17
-25.0,Atelopus_laetissimus/Atelopus_laetissimus__IAvH-CSA-34150__2018-06-30__5a2573e0d3.wav,44100,1,58.922,1,0.0,17.124,17.124,2.625,12.124,-16.22,-20.95
-25.0,Atelopus_laetissimus/Atelopus_laetissimus__IAvH-CSA-34150__2018-06-30__5a2573e0d3.wav,44100,1,58.922,2,24.123,58.922,34.799,27.123,56.87,-11.84,-20.47
-25.0,Atelopus_laetissimus/Atelopus_laetissimus__IAvH-CSA-34151__2018-06-30__68180d499b.wav,44100,1,53.641,1,0.0,53.641,53.641,2.625,52.37,-5.97,-17.36
-25.0,Atelopus_laetissimus/Atelopus_laetissimus__IAvH-CSA-34152__2018-06-30__6c370aca43.wav,44100,1,54.173,1,0.0,54.173,54.173,2.625,52.245,-8.09,-19.99
-25.0,Atelopus_laetissimus/Atelopus_laetissimus__IAvH-CSA-34153__2018-06-30__77bc344a70.wav,44100,1,41.159,1,0.0,16.374,16.374,2.625,11.374,-13.96,-20.6
-25.0,Atelopus_laetissimus/Atelopus_laetissimus__IAvH-CSA-34154__2018-06-30__9ed264bcab.wav,44100,1,34.338,1,0.0,21.249,21.249,2.625,16.249,-15.05,-19.41
-25.0,Atelopus_laetissimus/Atelopus_laetissimus__IAvH-CSA-34154__2018-06-30__9ed264bcab.wav,44100,1,34.338,2,21.748,31.248,9.5,24.748,26.248,-18.03,-20.23
-25.0,Atelopus_laetissimus/Atelopus_laetissimus__IAvH-CSA-34155__2018-06-30__8f97ed0e72.wav,44100,1,38.375,1,0.0,38.375,38.375,2.625,36.622,-11.02,-21.76
-25.0,Atelopus_laetissimus/Atelopus_laetissimus__IAvH-CSA-34156__2018-06-30__d7dd3da275.wav,44100,1,26.904,1,0.0,20.999,20.999,2.625,15.999,-10.65,-20.14
-25.0,Atelopus_laetissimus/Atelopus_laetissimus__IAvH-CSA-34157__2018-06-30__bdd33d2ef2.wav,44100,1,34.654,1,0.0,34.654,34.654,2.625,33.122,-10.29,-20.68
-25.0,Atelopus_laetissimus/Atelopus_laetissimus__IAvH-CSA-34158__2018-06-30__d040ab560d.wav,44100,1,51.122,1,0.0,45.621,45.621,2.625,40.621,-12.61,-18.95
-25.0,Atelopus_laetissimus/Atelopus_laetissimus__IAvH-CSA-34159__2018-06-30__eff85f870c.wav,44100,1,47.141,1,0.0,8.75,8.75,2.625,3.75,-20.1,-22.91
-25.0,Atelopus_laetissimus/Atelopus_laetissimus__IAvH-CSA-34160__2018-06-30__6b079835bb.wav,44100,1,38.654,1,0.0,38.654,38.654,2.625,37.747,-10.62,-22.09
-25.0,Atelopus_laetissimus/Atelopus_laetissimus__IAvH-CSA-34161__2018-06-30__8854363e1e.wav,44100,1,38.53,1,0.0,38.53,38.53,2.625,37.622,-10.64,-21.39
-25.0,Atelopus_laetissimus/Atelopus_laetissimus__IAvH-CSA-34162__2018-06-30__8d88b31951.wav,44100,1,64.67,1,0.0,8.75,8.75,2.625,3.75,-20.1,-22.91
-25.0,Atelopus_laetissimus/Atelopus_laetissimus__IAvH-CSA-34162__2018-06-30__8d88b31951.wav,44100,1,64.67,2,36.746,52.121,15.374,39.746,47.121,-9.95,-19.68
-25.0,Atelopus_laetissimus/Atelopus_laetissimus__IAvH-CSA-34163__2018-06-30__064bef1177.wav,44100,1,29.69,1,0.0,10.125,10.125,2.625,5.125,-20.1,-22.94
-25.0,Atelopus_laetissimus/Atelopus_laetissimus__IAvH-CSA-34163__2018-06-30__064bef1177.wav,44100,1,29.69,2,12.999,29.69,16.692,15.999,26.623,-10.4,-19.22
-25.0,Atelopus_laetissimus/Atelopus_laetissimus__IAvH-CSA-34164__2018-06-30__717e8b570a.wav,44100,1,16.349,1,0.0,15.249,15.249,2.625,10.249,-12.37,-20.7
-25.0,Atelopus_mittermeieri/Atelopus_mittermeieri__IAvH-CSA-15996__2008-05-19__20f5cc74be.wav,44100,1,135.22,1,5.249,13.874,8.625,8.249,8.874,-14.43,-17.18
-25.0,Atelopus_mittermeieri/Atelopus_mittermeieri__IAvH-CSA-15996__2008-05-19__20f5cc74be.wav,44100,1,135.22,2,14.623,23.248,8.625,17.623,18.248,-14.91,-17.75
-25.0,Atelopus_mittermeieri/Atelopus_mittermeieri__IAvH-CSA-15996__2008-05-19__20f5cc74be.wav,44100,1,135.22,3,29.122,37.747,8.625,32.122,32.747,-14.57,-17.87
-25.0,Atelopus_mittermeieri/Atelopus_mittermeieri__IAvH-CSA-15996__2008-05-19__20f5cc74be.wav,44100,1,135.22,4,39.621,48.246,8.625,42.621,43.246,-15.81,-18.29
-25.0,Atelopus_mittermeieri/Atelopus_mittermeieri__IAvH-CSA-15996__2008-05-19__20f5cc74be.wav,44100,1,135.22,5,50.62,59.245,8.625,53.62,54.245,-15.17,-17.85
-25.0,Atelopus_mittermeieri/Atelopus_mittermeieri__IAvH-CSA-15996__2008-05-19__20f5cc74be.wav,44100,1,135.22,6,91.741,104.741,13.0,94.741,99.741,-15.14,-19.45
-25.0,Atelopus_mittermeieri/Atelopus_mittermeieri__IAvH-CSA-15996__2008-05-19__20f5cc74be.wav,44100,1,135.22,7,110.49,130.864,20.374,113.49,125.864,-13.38,-16.96
-25.0,Atelopus_nicefori/Atelopus_nicefori__IAvH-CSA-16755____a0f180d058.wav,44100,1,68.145,1,2.624,12.874,10.25,5.624,7.874,-19.68,-22.34
-25.0,Atelopus_nicefori/Atelopus_nicefori__IAvH-CSA-16755____a0f180d058.wav,44100,1,68.145,2,14.873,48.871,33.998,17.873,43.871,-6.11,-17.21
-25.0,Atelopus_nicefori/Atelopus_nicefori__IAvH-CSA-16755____a0f180d058.wav,44100,1,68.145,3,54.995,65.994,11.0,57.995,60.994,-5.21,-12.69
-25.0,Atelopus_walkeri/Atelopus_walkeri__IAvH-CSA-15998__1972-06-17__ac55718e5e.wav,44100,1,94.797,1,0.0,23.748,23.748,2.625,18.748,-11.14,-21.43
-25.0,Atelopus_walkeri/Atelopus_walkeri__IAvH-CSA-15998__1972-06-17__ac55718e5e.wav,44100,1,94.797,2,64.244,72.869,8.625,67.244,67.869,-20.06,-20.31
-25.0,Atelopus_walkeri/Atelopus_walkeri__IAvH-CSA-15999__1972-06-17__9621a47a13.wav,44100,1,79.074,1,8.499,37.247,28.748,11.499,32.247,-5.89,-20.3
-25.0,Atelopus_walkeri/Atelopus_walkeri__IAvH-CSA-15999__1972-06-17__9621a47a13.wav,44100,1,79.074,2,42.996,54.121,11.125,45.996,49.121,-15.72,-19.69
-25.0,Atelopus_walkeri/Atelopus_walkeri__IAvH-CSA-17765__1972-06-17__bfae6135c2.wav,44100,1,53.25,1,3.624,18.249,14.624,6.624,13.249,-12.8,-17.89
-25.0,Atelopus_walkeri/Atelopus_walkeri__IAvH-CSA-17765__1972-06-17__bfae6135c2.wav,44100,1,53.25,2,18.498,27.498,9.0,21.498,22.498,-19.44,-22.12
-25.0,Atelopus_walkeri/Atelopus_walkeri__IAvH-CSA-17765__1972-06-17__bfae6135c2.wav,44100,1,53.25,3,36.621,45.496,8.875,39.621,40.496,-18.96,-20.19
-25.0,Boana/Boana__IAvH-CSA-18408__2019-01-04__7d73402d35.wav,96000,1,164.356,1,0.0,10.0,10.0,1.875,5.0,-20.34,-22.77
-25.0,Boana/Boana__IAvH-CSA-18410__2019-01-04__557a0eedb2.wav,96000,1,105.655,1,0.0,9.25,9.25,1.875,4.25,-20.34,-22.57
-25.0,Boana_boans/Boana_boans__IAvH-CSA-18225__2018-07-13__d4dc506687.wav,48000,1,165.932,1,2.875,11.375,8.5,5.875,6.375,-17.97,-20.56
-25.0,Boana_boans/Boana_boans__IAvH-CSA-18226__2018-07-13__6995a486cc.wav,48000,1,138.683,1,23.5,61.75,38.25,26.5,56.75,-19.14,-21.61
-25.0,Boana_boans/Boana_boans__IAvH-CSA-18226__2018-07-13__6995a486cc.wav,48000,1,138.683,2,65.375,73.875,8.5,68.375,68.875,-18.1,-19.86
-25.0,Boana_boans/Boana_boans__IAvH-CSA-18226__2018-07-13__6995a486cc.wav,48000,1,138.683,3,82.25,96.0,13.75,85.25,91.0,-19.7,-22.76
-25.0,Boana_boans/Boana_boans__IAvH-CSA-18226__2018-07-13__6995a486cc.wav,48000,1,138.683,4,97.125,117.5,20.375,100.125,112.5,-18.27,-21.6
-25.0,Boana_boans/Boana_boans__IAvH-CSA-18227__2018-07-13__40b4d9cc46.wav,48000,1,46.798,1,5.75,14.25,8.5,8.75,9.25,-19.74,-21.51
-25.0,Boana_boans/Boana_boans__IAvH-CSA-18227__2018-07-13__40b4d9cc46.wav,48000,1,46.798,2,16.25,24.75,8.5,19.25,19.75,-22.03,-22.67
-25.0,Boana_boans/Boana_boans__IAvH-CSA-18228__2018-07-13__acae70c181.wav,48000,1,170.759,1,116.875,129.5,12.625,119.875,124.5,-20.25,-22.57
-25.0,Boana_boans/Boana_boans__IAvH-CSA-18228__2018-07-13__acae70c181.wav,48000,1,170.759,2,145.75,160.625,14.875,148.75,155.625,-20.11,-22.66
-25.0,Boana_boans/Boana_boans__IAvH-CSA-34365__2017-02-16__c3095f3a81.wav,44100,1,118.238,1,69.368,78.118,8.75,72.368,73.118,-20.29,-21.25
-25.0,Boana_boans/Boana_boans__IAvH-CSA-34370__2017-02-17__799c1ced12.wav,44100,1,140.919,1,1.5,27.248,25.748,4.5,22.248,-14.78,-21.72
-25.0,Boana_boans/Boana_boans__IAvH-CSA-34370__2017-02-17__799c1ced12.wav,44100,1,140.919,2,27.372,35.997,8.625,30.372,30.997,-15.48,-18.51
-25.0,Boana_boans/Boana_boans__IAvH-CSA-34370__2017-02-17__799c1ced12.wav,44100,1,140.919,3,41.246,86.243,44.997,44.246,81.243,-12.15,-19.98
-25.0,Boana_boans/Boana_boans__IAvH-CSA-34370__2017-02-17__799c1ced12.wav,44100,1,140.919,4,88.492,97.117,8.625,91.492,92.117,-17.37,-20.41
-25.0,Boana_boans/Boana_boans__IAvH-CSA-34371__2017-02-17__2b133bb592.wav,44100,1,179.956,1,151.861,160.611,8.75,154.861,155.611,-23.58,-24.02
-25.0,Boana_boans/Boana_boans__IAvH-CSA-34372__2017-02-18__0b85c638f3.wav,44100,1,215.96,1,192.607,203.857,11.25,195.607,198.857,-18.99,-21.73
-25.0,Boana_boans/Boana_boans__IAvH-CSA-34373__2017-02-18__23993116d1.wav,44100,1,180.888,1,131.238,139.988,8.75,134.238,134.988,-21.87,-23.11
-25.0,Boana_boans/Boana_boans__IAvH-CSA-34373__2017-02-18__23993116d1.wav,44100,1,180.888,2,143.862,162.611,18.749,146.862,157.611,-18.96,-22.68
-25.0,Boana_boans/Boana_boans__IAvH-CSA-34375__2017-03-04__15870aaabc.wav,44100,1,87.66,1,31.997,41.497,9.5,34.997,36.497,-11.82,-19.92
-25.0,Boana_boans/Boana_boans__IAvH-CSA-34375__2017-03-04__15870aaabc.wav,44100,1,87.66,2,47.245,76.993,29.748,50.245,71.993,-3.97,-17.33
-25.0,Boana_boans/Boana_boans__IAvH-CSA-34384__2017-03-18__7aa72bbafe.wav,44100,1,107.776,1,0.0,60.0,60.0,0.875,60.0,-11.83,-19.11
-25.0,Boana_boans/Boana_boans__IAvH-CSA-34384__2017-03-18__7aa72bbafe.wav,44100,1,107.776,2,60.0,67.744,7.744,60.0,62.744,-11.83,-19.11
-25.0,Boana_boans/Boana_boans__IAvH-CSA-34384__2017-03-18__7aa72bbafe.wav,44100,1,107.776,3,68.244,107.776,39.533,71.244,107.74,-8.91,-21.5
-25.0,Boana_platanera/Boana_platanera__IAvH-CSA-34265__2020-12-09__2e81e1c34e.wav,48000,1,63.851,1,0.875,60.875,60.0,3.875,60.875,-16.57,-21.41
-25.0,Boana_platanera/Boana_platanera__IAvH-CSA-34265__2020-12-09__2e81e1c34e.wav,48000,1,63.851,2,60.875,63.851,2.976,60.875,63.75,-16.57,-21.41
-25.0,Boana_platanera/Boana_platanera__IAvH-CSA-34268__2020-12-09__a27cebe8a1.wav,48000,1,93.641,1,13.125,29.125,16.0,16.125,24.125,-19.38,-21.4
-25.0,Boana_platanera/Boana_platanera__IAvH-CSA-34268__2020-12-09__a27cebe8a1.wav,48000,1,93.641,2,30.125,90.125,60.0,33.125,90.125,-15.6,-21.74
-25.0,Boana_platanera/Boana_platanera__IAvH-CSA-34268__2020-12-09__a27cebe8a1.wav,48000,1,93.641,3,90.125,93.641,3.516,90.125,93.5,-15.6,-21.74
-25.0,Boana_platanera/Boana_platanera__IAvH-CSA-34272__2020-12-13__739a1eee81.wav,48000,1,70.2,1,19.125,39.25,20.125,22.125,34.25,-16.89,-22.32
-25.0,Boana_platanera/Boana_platanera__IAvH-CSA-34272__2020-12-13__739a1eee81.wav,48000,1,70.2,2,44.75,70.2,25.45,47.75,67.125,-18.81,-22.2
-25.0,Boana_pugnax/Boana_pugnax__IAvH-CSA-18216__2018-07-11__2bd61197ca.wav,48000,1,97.322,1,41.0,49.5,8.5,44.0,44.5,-20.48,-22.33
-25.0,Boana_pugnax/Boana_pugnax__IAvH-CSA-18216__2018-07-11__2bd61197ca.wav,48000,1,97.322,2,49.625,58.125,8.5,52.625,53.125,-14.93,-16.93
-25.0,Boana_pugnax/Boana_pugnax__IAvH-CSA-18219__2018-07-13__af42e9a9c1.wav,48000,1,59.849,1,0.0,10.25,10.25,2.625,5.25,-11.9,-18.53
-25.0,Boana_pugnax/Boana_pugnax__IAvH-CSA-18220__2018-07-14__7a58bed0d0.wav,48000,1,124.294,1,109.625,121.75,12.125,112.625,116.75,-16.82,-20.29
-25.0,Boana_pugnax/Boana_pugnax__IAvH-CSA-18223__2018-07-13__110bbb9445.wav,48000,1,76.956,1,0.0,8.125,8.125,2.625,3.125,-21.83,-23.53
-25.0,Boana_pugnax/Boana_pugnax__IAvH-CSA-18233__2018-07-17__b59796ba2a.wav,48000,1,78.273,1,58.125,66.625,8.5,61.125,61.625,-21.18,-23.21
-25.0,Boana_pugnax/Boana_pugnax__IAvH-CSA-18278__2018-07-08__184ecce2c5.wav,44100,1,70.466,1,0.0,60.0,60.0,2.375,60.0,-16.53,-22.43
-25.0,Boana_pugnax/Boana_pugnax__IAvH-CSA-18278__2018-07-08__184ecce2c5.wav,44100,1,70.466,2,60.0,67.369,7.369,60.0,62.369,-16.53,-22.43
-25.0,Boana_pugnax/Boana_pugnax__IAvH-CSA-18280__2018-07-08__64402d2f33.wav,48000,1,263.016,1,0.0,10.25,10.25,1.875,5.25,-20.59,-22.57
-25.0,Boana_pugnax/Boana_pugnax__IAvH-CSA-18280__2018-07-08__64402d2f33.wav,48000,1,263.016,2,36.25,47.25,11.0,39.25,42.25,-17.38,-21.12
-25.0,Boana_pugnax/Boana_pugnax__IAvH-CSA-18280__2018-07-08__64402d2f33.wav,48000,1,263.016,3,55.25,100.75,45.5,58.25,95.75,-16.51,-21.86
-25.0,Boana_pugnax/Boana_pugnax__IAvH-CSA-18280__2018-07-08__64402d2f33.wav,48000,1,263.016,4,111.375,149.875,38.5,114.375,144.875,-16.47,-21.98
-25.0,Boana_pugnax/Boana_pugnax__IAvH-CSA-18280__2018-07-08__64402d2f33.wav,48000,1,263.016,5,175.625,184.125,8.5,178.625,179.125,-19.55,-21.67
-25.0,Boana_pugnax/Boana_pugnax__IAvH-CSA-18280__2018-07-08__64402d2f33.wav,48000,1,263.016,6,252.25,260.75,8.5,255.25,255.75,-20.43,-22.09
-25.0,Boana_pugnax/Boana_pugnax__IAvH-CSA-20267__2020-01-18__09bb28d64c.wav,44100,1,123.931,1,0.0,60.0,60.0,1.0,60.0,-11.64,-21.6
-25.0,Boana_pugnax/Boana_pugnax__IAvH-CSA-20267__2020-01-18__09bb28d64c.wav,44100,1,123.931,2,60.0,83.493,23.493,60.0,78.493,-11.64,-21.6
-25.0,Boana_pugnax/Boana_pugnax__IAvH-CSA-20267__2020-01-18__09bb28d64c.wav,44100,1,123.931,3,115.489,123.931,8.441,118.489,119.239,-22.02,-23.21
-25.0,Boana_pugnax/Boana_pugnax__IAvH-CSA-20273__2020-10-31__539cd7d016.wav,48000,1,103.558,1,0.0,60.0,60.0,0.875,60.0,-13.9,-21.35
-25.0,Boana_pugnax/Boana_pugnax__IAvH-CSA-20273__2020-10-31__539cd7d016.wav,48000,1,103.558,2,60.0,69.125,9.125,60.0,64.125,-13.9,-21.35
-25.0,Boana_pugnax/Boana_pugnax__IAvH-CSA-20273__2020-10-31__539cd7d016.wav,48000,1,103.558,3,87.75,103.558,15.808,90.75,103.125,-17.85,-20.39
-25.0,Boana_rosenbergi/Boana_rosenbergi__IAvH-CSA-20268__2020-01-22__8eca0d45a2.wav,44100,1,116.381,1,0.0,60.0,60.0,0.875,60.0,-16.15,-22.62
-25.0,Boana_rosenbergi/Boana_rosenbergi__IAvH-CSA-20268__2020-01-22__8eca0d45a2.wav,44100,1,116.381,2,60.0,74.369,14.369,60.0,69.369,-16.15,-22.62
-25.0,Boana_rosenbergi/Boana_rosenbergi__IAvH-CSA-20268__2020-01-22__8eca0d45a2.wav,44100,1,116.381,3,85.242,101.741,16.499,88.242,96.741,-21.67,-22.83
-25.0,Boana_rosenbergi/Boana_rosenbergi__IAvH-CSA-20268__2020-01-22__8eca0d45a2.wav,44100,1,116.381,4,107.99,116.381,8.391,110.99,116.239,-19.67,-22.3
-25.0,Centrolene_antioquiense/Centrolene_antioquiense__IAvH-CSA-01449__2017-09-17__92d6b18be0.wav,44100,1,429.199,1,423.086,429.199,6.113,426.086,426.711,-20.71,-22.73
-25.0,Centrolene_huilensis/Centrolene_huilensis__IAvH-CSA-34235__2018-05-04__6f157a62b5.wav,44100,1,76.817,1,1.25,9.875,8.625,4.25,4.875,-20.85,-22.88
-25.0,Centrolene_huilensis/Centrolene_huilensis__IAvH-CSA-34236__2018-05-05__ad414d86f3.wav,44100,1,82.085,1,38.871,49.246,10.375,41.871,44.246,-20.77,-23.66
-25.0,Centrolene_huilensis/Centrolene_huilensis__IAvH-CSA-34236__2018-05-05__ad414d86f3.wav,44100,1,82.085,2,56.37,67.869,11.5,59.37,62.869,-20.78,-23.51
-25.0,Centrolene_quindianum/Centrolene_quindianum__IAvH-CSA-18012__2015-10-01__686bb18ede.wav,44100,1,11.434,1,0.25,11.434,11.185,3.25,6.499,-12.99,-17.37
-25.0,Centrolene_quindianum/Centrolene_quindianum__IAvH-CSA-18013__2015-10-01__7dbf36df85.wav,44100,1,71.243,1,26.122,34.747,8.625,29.122,29.747,-17.96,-20.29
-25.0,Centrolene_quindianum/Centrolene_quindianum__IAvH-CSA-18013__2015-10-01__7dbf36df85.wav,44100,1,71.243,2,40.871,49.496,8.625,43.871,44.496,-17.9,-19.92
-25.0,Centrolene_quindianum/Centrolene_quindianum__IAvH-CSA-18015__2015-10-01__62506f7cfa.wav,44100,1,106.815,1,3.624,12.249,8.625,6.624,7.249,-22.67,-23.25
-25.0,Ceratophrys_calcarata/Ceratophrys_calcarata__IAvH-CSA-20338__2022-04-03__1c3d0df194.wav,44100,1,98.489,1,0.0,60.0,60.0,1.625,60.0,-11.16,-20.52
-25.0,Ceratophrys_calcarata/Ceratophrys_calcarata__IAvH-CSA-20338__2022-04-03__1c3d0df194.wav,44100,1,98.489,2,60.0,98.489,38.489,60.0,98.366,-11.16,-20.52
-25.0,Ceratophrys_calcarata/Ceratophrys_calcarata__IAvH-CSA-20339__2022-04-16__ee94426bf7.wav,44100,1,125.693,1,0.0,29.998,29.998,1.75,24.998,-12.77,-17.29
-25.0,Ceratophrys_calcarata/Ceratophrys_calcarata__IAvH-CSA-20339__2022-04-16__ee94426bf7.wav,44100,1,125.693,2,38.996,69.619,30.623,41.996,64.619,-12.43,-15.61
-25.0,Ceratophrys_calcarata/Ceratophrys_calcarata__IAvH-CSA-20339__2022-04-16__ee94426bf7.wav,44100,1,125.693,3,84.617,125.693,41.076,87.617,125.614,-17.16,-20.2
-25.0,Ceratophrys_calcarata/Ceratophrys_calcarata__IAvH-CSA-20340__2022-04-16__ada09162cd.wav,44100,1,107.434,1,0.0,60.0,60.0,1.25,60.0,-12.39,-20.63
-25.0,Ceratophrys_calcarata/Ceratophrys_calcarata__IAvH-CSA-20340__2022-04-16__ada09162cd.wav,44100,1,107.434,2,60.0,107.434,47.434,60.0,107.365,-12.39,-20.63
-25.0,Ceratophrys_calcarata/Ceratophrys_calcarata__IAvH-CSA-20341__2022-04-16__f6e2dc3414.wav,44100,1,104.212,1,0.0,60.0,60.0,1.75,60.0,-11.92,-20.75
-25.0,Ceratophrys_calcarata/Ceratophrys_calcarata__IAvH-CSA-20341__2022-04-16__f6e2dc3414.wav,44100,1,104.212,2,60.0,104.212,44.212,60.0,104.116,-11.92,-20.75
-25.0,Ceratophrys_calcarata/Ceratophrys_calcarata__IAvH-CSA-20342__2022-04-16__2e524b4c87.wav,44100,1,111.5,1,0.75,60.75,60.0,3.75,60.75,-12.84,-21.43
-25.0,Ceratophrys_calcarata/Ceratophrys_calcarata__IAvH-CSA-20342__2022-04-16__2e524b4c87.wav,44100,1,111.5,2,60.75,111.5,50.751,60.75,111.24,-12.84,-21.43
-25.0,Ceratophrys_calcarata/Ceratophrys_calcarata__IAvH-CSA-20343__2022-04-16__5a44d8aa36.wav,44100,1,110.192,1,0.0,60.0,60.0,1.0,60.0,-10.05,-14.52
-25.0,Ceratophrys_calcarata/Ceratophrys_calcarata__IAvH-CSA-20343__2022-04-16__5a44d8aa36.wav,44100,1,110.192,2,60.0,72.619,12.619,60.0,67.619,-10.05,-14.52
-25.0,Ceratophrys_calcarata/Ceratophrys_calcarata__IAvH-CSA-20343__2022-04-16__5a44d8aa36.wav,44100,1,110.192,3,75.243,110.192,34.949,78.243,109.115,-16.66,-21.5
-25.0,Ceratophrys_calcarata/Ceratophrys_calcarata__IAvH-CSA-20344__2022-04-16__603c67deb6.wav,44100,1,117.278,1,0.0,60.0,60.0,0.875,60.0,-9.41,-14.81
-25.0,Ceratophrys_calcarata/Ceratophrys_calcarata__IAvH-CSA-20344__2022-04-16__603c67deb6.wav,44100,1,117.278,2,60.0,66.869,6.869,60.0,61.869,-9.41,-14.81
-25.0,Ceratophrys_calcarata/Ceratophrys_calcarata__IAvH-CSA-20344__2022-04-16__603c67deb6.wav,44100,1,117.278,3,83.117,117.278,34.161,86.117,117.239,-16.58,-20.97
-25.0,Dendropsophus_molitor/Dendropsophus_molitor__IAvH-CSA-00690__2018-08-05__93bf7dc9be.wav,48000,1,169.817,1,1.125,11.5,10.375,4.125,6.5,-19.46,-21.69
-25.0,Dendropsophus_molitor/Dendropsophus_molitor__IAvH-CSA-00690__2018-08-05__93bf7dc9be.wav,48000,1,169.817,2,20.25,31.0,10.75,23.25,26.0,-18.2,-22.03
-25.0,Dendropsophus_molitor/Dendropsophus_molitor__IAvH-CSA-00690__2018-08-05__93bf7dc9be.wav,48000,1,169.817,3,42.75,52.25,9.5,45.75,47.25,-19.07,-21.78
-25.0,Dendropsophus_molitor/Dendropsophus_molitor__IAvH-CSA-00690__2018-08-05__93bf7dc9be.wav,48000,1,169.817,4,58.75,69.125,10.375,61.75,64.125,-18.1,-21.53
-25.0,Dendropsophus_molitor/Dendropsophus_molitor__IAvH-CSA-00690__2018-08-05__93bf7dc9be.wav,48000,1,169.817,5,72.875,82.75,9.875,75.875,77.75,-17.68,-21.67
-25.0,Dendropsophus_molitor/Dendropsophus_molitor__IAvH-CSA-00690__2018-08-05__93bf7dc9be.wav,48000,1,169.817,6,94.5,105.375,10.875,97.5,100.375,-17.47,-21.23
-25.0,Dendropsophus_molitor/Dendropsophus_molitor__IAvH-CSA-00690__2018-08-05__93bf7dc9be.wav,48000,1,169.817,7,120.625,129.625,9.0,123.625,124.625,-21.27,-23.0
-25.0,Dendropsophus_molitor/Dendropsophus_molitor__IAvH-CSA-00690__2018-08-05__93bf7dc9be.wav,48000,1,169.817,8,135.0,145.875,10.875,138.0,140.875,-16.91,-21.85
-25.0,Dendropsophus_molitor/Dendropsophus_molitor__IAvH-CSA-00690__2018-08-05__93bf7dc9be.wav,48000,1,169.817,9,154.375,165.375,11.0,157.375,160.375,-19.19,-21.8
-25.0,Dendropsophus_molitor/Dendropsophus_molitor__IAvH-CSA-00690__2018-08-05__93bf7dc9be.wav,48000,1,169.817,10,166.125,169.817,3.692,169.125,169.625,-21.37,-22.79
-25.0,Dendropsophus_molitor/Dendropsophus_molitor__IAvH-CSA-09325__2019-03-03__1ff7ae5653.wav,48000,1,127.716,1,0.0,18.5,18.5,2.0,13.5,-17.72,-21.82
-25.0,Dendropsophus_molitor/Dendropsophus_molitor__IAvH-CSA-09325__2019-03-03__1ff7ae5653.wav,48000,1,127.716,2,32.75,58.0,25.25,35.75,53.0,-14.42,-23.57
-25.0,Dendropsophus_molitor/Dendropsophus_molitor__IAvH-CSA-09325__2019-03-03__1ff7ae5653.wav,48000,1,127.716,3,61.5,84.625,23.125,64.5,79.625,-20.35,-23.56
-25.0,Dendropsophus_molitor/Dendropsophus_molitor__IAvH-CSA-09325__2019-03-03__1ff7ae5653.wav,48000,1,127.716,4,93.75,102.25,8.5,96.75,97.25,-21.85,-23.13
-25.0,Dendropsophus_molitor/Dendropsophus_molitor__IAvH-CSA-11023__2000-01-09__c3ee3eb5cf.wav,44100,2,165.92,1,112.24,165.92,53.68,115.24,162.36,-15.68,-22.5
-25.0,Leucostethus_fraterdanieli/Leucostethus_fraterdanieli__IAvH-CSA-18683__2018-09-02__938c2bc13a.wav,44100,1,11.359,1,0.0,9.375,9.375,2.25,4.375,-22.16,-23.59
-25.0,Phyllobates_bicolor/Phyllobates_bicolor__IAvH-CSA-34257__2018-07-01__80fa5b27a1.wav,44100,1,8.936,1,0.0,7.375,7.375,1.75,2.375,-19.9,-22.45
